# Low poly fox: PixelMannen; rigging tomkranis; conversion AsoboStudio/scurest.
v 0.232286 -0.068405 -0.144431
v 0.188758 -0.059197 -0.200244
v 0.184831 0.092630 -0.526371
v -0.160617 0.217694 1.265579
v -0.088043 0.256979 1.385534
v -0.189644 0.216198 1.410993
v -0.223588 0.320952 1.438303
v -0.307963 0.333544 1.434688
v -0.420051 0.246040 1.439409
v -0.280284 0.200179 1.443771
v -0.223588 0.320952 1.438303
v -0.397697 0.227613 1.465089
v -0.088043 0.256979 1.385534
v -0.048453 0.373636 1.435636
v -0.223588 0.320952 1.438303
v 0.092742 0.274645 1.302583
v 0.112002 0.375589 1.326148
v -0.048453 0.373636 1.435636
v 0.296193 -0.193579 0.748089
v 0.270417 -0.192937 0.736514
v 0.284379 -0.233365 0.703242
v -0.154249 0.604158 1.357115
v -0.045263 0.540337 1.409697
v -0.088468 0.800492 1.500000
v -0.269299 0.164157 1.342815
v -0.189644 0.216198 1.410993
v -0.280284 0.200179 1.443771
v -0.269299 0.164157 1.342815
v -0.280284 0.200179 1.443771
v -0.410889 0.198307 1.436425
v 0.011944 0.183011 1.151025
v 0.092742 0.274645 1.302583
v -0.160617 0.217694 1.265579
v 0.337916 0.088210 -0.457158
v 0.263345 0.077440 -0.443114
v 0.184831 0.092630 -0.526371
v 0.333362 -0.073706 -0.005888
v 0.303841 -0.091911 0.126942
v 0.188757 -0.121499 0.128287
v 0.188757 -0.121499 0.128287
v 0.188757 -0.120606 0.099578
v 0.333362 -0.073706 -0.005888
v 0.232286 -0.068405 -0.144431
v 0.208675 -0.098098 -0.014659
v 0.188757 -0.098065 -0.014664
v 0.188757 -0.098065 -0.014664
v 0.188758 -0.059197 -0.200244
v 0.232286 -0.068405 -0.144431
v 0.232286 -0.068405 -0.144431
v 0.263345 0.077440 -0.443114
v 0.284080 -0.211072 -0.372889
v 0.254355 -0.189916 0.683266
v 0.224943 -0.189471 0.602477
v 0.265595 -0.264946 0.610585
v 0.070393 -0.498847 -1.141674
v -0.009321 -0.501243 -1.110909
v -0.029913 -0.499633 -1.467347
v 0.117504 -0.453482 -1.215326
v 0.070393 -0.498847 -1.141674
v -0.029913 -0.499633 -1.467347
v 0.089891 -0.004586 -1.098363
v 0.083822 -0.317549 -1.319929
v -0.028715 -0.421135 -1.497986
v 0.083822 -0.317549 -1.319929
v 0.117504 -0.453482 -1.215326
v -0.029913 -0.499633 -1.467347
v 0.324400 -0.089761 0.126844
v 0.375901 -0.040365 0.125968
v 0.295130 -0.094994 0.536700
v 0.263345 0.077440 -0.443114
v 0.232286 -0.068405 -0.144431
v 0.184831 0.092630 -0.526371
v 0.203176 -0.038310 0.930461
v 0.235349 -0.071444 0.817959
v 0.332534 -0.049185 0.877308
v -0.160617 0.217694 1.265579
v 0.092742 0.274645 1.302583
v -0.088043 0.256979 1.385534
v -0.269299 0.164157 1.342815
v -0.160617 0.217694 1.265579
v -0.189644 0.216198 1.410993
v -0.397697 0.227613 1.465089
v -0.223588 0.320952 1.438303
v -0.420051 0.246040 1.439409
v -0.280284 0.200179 1.443771
v -0.189644 0.216198 1.410993
v -0.223588 0.320952 1.438303
v -0.410889 0.198307 1.436425
v -0.280284 0.200179 1.443771
v -0.397697 0.227613 1.465089
v -0.189644 0.216198 1.410993
v -0.088043 0.256979 1.385534
v -0.223588 0.320952 1.438303
v 0.288201 0.195964 1.140325
v 0.332534 -0.049185 0.877308
v 0.309623 0.263900 1.141570
v -0.088043 0.256979 1.385534
v 0.092742 0.274645 1.302583
v -0.048453 0.373636 1.435636
v 0.333362 -0.073706 -0.005888
v 0.188757 -0.120606 0.099578
v 0.267134 -0.087829 -0.008279
v 0.203176 -0.038310 0.930461
v 0.188771 -0.131442 0.662348
v 0.235349 -0.071444 0.817959
v 0.276255 0.110832 -0.529243
v 0.337916 0.088210 -0.457158
v 0.184831 0.092630 -0.526371
v 0.324400 -0.089761 0.126844
v 0.303841 -0.091911 0.126942
v 0.333362 -0.073706 -0.005888
v 0.267134 -0.087829 -0.008279
v 0.188757 -0.120606 0.099578
v 0.208675 -0.098098 -0.014659
v 0.270417 -0.192937 0.736514
v 0.235349 -0.071444 0.817959
v 0.254355 -0.189916 0.683266
v -0.077557 -0.375440 -1.500000
v 0.089891 -0.004586 -1.098363
v -0.028715 -0.421135 -1.497986
v -0.029913 -0.499633 -1.467347
v -0.009321 -0.501243 -1.110909
v -0.090792 -0.503724 -1.445864
v -0.028715 -0.421135 -1.497986
v 0.083822 -0.317549 -1.319929
v -0.029913 -0.499633 -1.467347
v -0.090792 -0.503724 -1.445864
v -0.077557 -0.375440 -1.500000
v -0.028715 -0.421135 -1.497986
v -0.029913 -0.499633 -1.467347
v -0.090792 -0.503724 -1.445864
v -0.028715 -0.421135 -1.497986
v 0.145228 -0.068433 -0.144482
v 0.184831 0.092630 -0.526371
v 0.188758 -0.059197 -0.200244
v 0.332534 -0.049185 0.877308
v 0.288201 0.195964 1.140325
v 0.159202 0.112869 1.104287
v 0.159202 0.112869 1.104287
v 0.203176 -0.038310 0.930461
v 0.332534 -0.049185 0.877308
v -0.160617 0.217694 1.265579
v -0.305968 0.204605 1.239274
v -0.247064 0.241132 1.150786
v -0.350454 0.308309 1.251022
v -0.420051 0.246040 1.439409
v -0.379355 0.326429 1.329298
v -0.369109 0.191327 1.312647
v -0.434339 0.223962 1.410998
v -0.350454 0.308309 1.251022
v -0.247064 0.241132 1.150786
v -0.350454 0.308309 1.251022
v -0.285976 0.349965 1.085003
v -0.103964 0.255042 1.012203
v -0.285976 0.349965 1.085003
v -0.124908 0.351980 0.976420
v 0.081786 -0.193545 0.747931
v 0.093572 -0.233313 0.703051
v 0.107540 -0.192874 0.736307
v -0.267138 0.592908 1.190467
v -0.387161 0.770726 1.059068
v -0.271191 0.517822 1.076180
v -0.269299 0.164157 1.342815
v -0.369109 0.191327 1.312647
v -0.305968 0.204605 1.239274
v -0.269299 0.164157 1.342815
v -0.410889 0.198307 1.436425
v -0.369109 0.191327 1.312647
v 0.011944 0.183011 1.151025
v -0.160617 0.217694 1.265579
v -0.103964 0.255042 1.012203
v 0.039607 0.088240 -0.457185
v 0.184831 0.092630 -0.526371
v 0.114179 0.077468 -0.443141
v 0.188757 -0.120606 0.099578
v 0.188757 -0.121499 0.128287
v 0.073674 -0.091911 0.126942
v 0.073674 -0.091911 0.126942
v 0.044146 -0.073767 -0.005949
v 0.188757 -0.120606 0.099578
v 0.188758 -0.059197 -0.200244
v 0.188757 -0.098065 -0.014664
v 0.168839 -0.098098 -0.014659
v 0.168839 -0.098098 -0.014659
v 0.145228 -0.068433 -0.144482
v 0.188758 -0.059197 -0.200244
v 0.145228 -0.068433 -0.144482
v 0.093459 -0.211002 -0.373094
v 0.114179 0.077468 -0.443141
v 0.123498 -0.189828 0.683030
v 0.112176 -0.264894 0.610346
v 0.152777 -0.189369 0.602178
v -0.087095 -0.466535 -1.103608
v -0.148462 -0.475310 -1.438693
v -0.009321 -0.501243 -1.110909
v -0.141037 -0.400436 -1.152834
v -0.148462 -0.475310 -1.438693
v -0.087095 -0.466535 -1.103608
v 0.089891 -0.004586 -1.098363
v -0.133630 -0.399610 -1.472627
v -0.108772 -0.278034 -1.273378
v -0.108772 -0.278034 -1.273378
v -0.148462 -0.475310 -1.438693
v -0.141037 -0.400436 -1.152834
v 0.053114 -0.089761 0.126844
v 0.082339 -0.094931 0.536589
v 0.001610 -0.040385 0.125956
v 0.114179 0.077468 -0.443141
v 0.184831 0.092630 -0.526371
v 0.145228 -0.068433 -0.144482
v 0.203176 -0.038310 0.930461
v 0.045545 -0.049212 0.877246
v 0.142587 -0.071370 0.817735
v -0.160617 0.217694 1.265579
v -0.247064 0.241132 1.150786
v -0.103964 0.255042 1.012203
v -0.269299 0.164157 1.342815
v -0.305968 0.204605 1.239274
v -0.160617 0.217694 1.265579
v -0.434339 0.223962 1.410998
v -0.420051 0.246040 1.439409
v -0.350454 0.308309 1.251022
v -0.369109 0.191327 1.312647
v -0.350454 0.308309 1.251022
v -0.305968 0.204605 1.239274
v -0.410889 0.198307 1.436425
v -0.434339 0.223962 1.410998
v -0.369109 0.191327 1.312647
v -0.305968 0.204605 1.239274
v -0.350454 0.308309 1.251022
v -0.247064 0.241132 1.150786
v 0.011873 0.135107 1.052870
v -0.030741 0.188940 1.033848
v 0.045545 -0.049212 0.877246
v -0.247064 0.241132 1.150786
v -0.285976 0.349965 1.085003
v -0.103964 0.255042 1.012203
v 0.044146 -0.073767 -0.005949
v 0.110376 -0.087884 -0.008338
v 0.188757 -0.120606 0.099578
v 0.203176 -0.038310 0.930461
v 0.142587 -0.071370 0.817735
v 0.188771 -0.131442 0.662348
v 0.093689 0.112350 -0.527845
v 0.184831 0.092630 -0.526371
v 0.039607 0.088240 -0.457185
v 0.053114 -0.089761 0.126844
v 0.044146 -0.073767 -0.005949
v 0.073674 -0.091911 0.126942
v 0.110376 -0.087884 -0.008338
v 0.145228 -0.068433 -0.144482
v 0.168839 -0.098098 -0.014659
v 0.107540 -0.192874 0.736307
v 0.123498 -0.189828 0.683030
v 0.142587 -0.071370 0.817735
v -0.077557 -0.375440 -1.500000
v -0.133630 -0.399610 -1.472627
v 0.089891 -0.004586 -1.098363
v -0.148462 -0.475310 -1.438693
v -0.090792 -0.503724 -1.445864
v -0.009321 -0.501243 -1.110909
v -0.133630 -0.399610 -1.472627
v -0.148462 -0.475310 -1.438693
v -0.108772 -0.278034 -1.273378
v -0.090792 -0.503724 -1.445864
v -0.133630 -0.399610 -1.472627
v -0.077557 -0.375440 -1.500000
v -0.148462 -0.475310 -1.438693
v -0.133630 -0.399610 -1.472627
v -0.090792 -0.503724 -1.445864
v 0.045545 -0.049212 0.877246
v 0.203176 -0.038310 0.930461
v 0.159202 0.112869 1.104287
v 0.159202 0.112869 1.104287
v 0.011873 0.135107 1.052870
v 0.045545 -0.049212 0.877246
v 0.270417 -0.192937 0.736514
v 0.296193 -0.193579 0.748089
v 0.332534 -0.049185 0.877308
v 0.332534 -0.049185 0.877308
v 0.235349 -0.071444 0.817959
v 0.270417 -0.192937 0.736514
v 0.254355 -0.189916 0.683266
v 0.265595 -0.264946 0.610585
v 0.284379 -0.233365 0.703242
v 0.284379 -0.233365 0.703242
v 0.270417 -0.192937 0.736514
v 0.254355 -0.189916 0.683266
v 0.107540 -0.192874 0.736307
v 0.142587 -0.071370 0.817735
v 0.045545 -0.049212 0.877246
v 0.045545 -0.049212 0.877246
v 0.081786 -0.193545 0.747931
v 0.107540 -0.192874 0.736307
v 0.224943 -0.189471 0.602477
v 0.254355 -0.189916 0.683266
v 0.235349 -0.071444 0.817959
v 0.235349 -0.071444 0.817959
v 0.188771 -0.131442 0.662348
v 0.224943 -0.189471 0.602477
v 0.152777 -0.189369 0.602178
v 0.188771 -0.131442 0.662348
v 0.142587 -0.071370 0.817735
v 0.142587 -0.071370 0.817735
v 0.123498 -0.189828 0.683030
v 0.152777 -0.189369 0.602178
v 0.123498 -0.189828 0.683030
v 0.107540 -0.192874 0.736307
v 0.093572 -0.233313 0.703051
v 0.093572 -0.233313 0.703051
v 0.112176 -0.264894 0.610346
v 0.123498 -0.189828 0.683030
v 0.001610 -0.040385 0.125956
v -0.022853 -0.011477 -0.006986
v 0.044146 -0.073767 -0.005949
v 0.044146 -0.073767 -0.005949
v 0.053114 -0.089761 0.126844
v 0.001610 -0.040385 0.125956
v 0.188771 -0.131442 0.662348
v 0.073674 -0.091911 0.126942
v 0.188757 -0.121499 0.128287
v 0.073674 -0.091911 0.126942
v 0.188771 -0.131442 0.662348
v 0.082339 -0.094931 0.536589
v 0.082339 -0.094931 0.536589
v 0.053114 -0.089761 0.126844
v 0.073674 -0.091911 0.126942
v 0.375901 -0.040365 0.125968
v 0.324400 -0.089761 0.126844
v 0.333362 -0.073706 -0.005888
v 0.333362 -0.073706 -0.005888
v 0.400359 -0.011406 -0.006929
v 0.375901 -0.040365 0.125968
v 0.188771 -0.131442 0.662348
v 0.188757 -0.121499 0.128287
v 0.303841 -0.091911 0.126942
v 0.303841 -0.091911 0.126942
v 0.324400 -0.089761 0.126844
v 0.295130 -0.094994 0.536700
v 0.295130 -0.094994 0.536700
v 0.188771 -0.131442 0.662348
v 0.303841 -0.091911 0.126942
v 0.188757 -0.120606 0.099578
v 0.188757 -0.098065 -0.014664
v 0.208675 -0.098098 -0.014659
v 0.188757 -0.120606 0.099578
v 0.168839 -0.098098 -0.014659
v 0.188757 -0.098065 -0.014664
v 0.188757 -0.120606 0.099578
v 0.110376 -0.087884 -0.008338
v 0.168839 -0.098098 -0.014659
v 0.232286 -0.068405 -0.144431
v 0.267134 -0.087829 -0.008279
v 0.208675 -0.098098 -0.014659
v -0.030741 0.188940 1.033848
v 0.011873 0.135107 1.052870
v -0.103964 0.255042 1.012203
v -0.103964 0.255042 1.012203
v -0.124908 0.351980 0.976420
v -0.030741 0.188940 1.033848
v 0.011873 0.135107 1.052870
v 0.159202 0.112869 1.104287
v 0.011944 0.183011 1.151025
v 0.011944 0.183011 1.151025
v -0.103964 0.255042 1.012203
v 0.011873 0.135107 1.052870
v 0.309623 0.263900 1.141570
v 0.112002 0.375589 1.326148
v 0.092742 0.274645 1.302583
v 0.092742 0.274645 1.302583
v 0.288201 0.195964 1.140325
v 0.309623 0.263900 1.141570
v 0.288201 0.195964 1.140325
v 0.092742 0.274645 1.302583
v 0.011944 0.183011 1.151025
v 0.011944 0.183011 1.151025
v 0.159202 0.112869 1.104287
v 0.288201 0.195964 1.140325
v 0.276255 0.110832 -0.529243
v 0.184831 0.092630 -0.526371
v 0.148922 -0.117531 -0.586465
v 0.274041 -0.102906 -0.625719
v 0.276255 0.110832 -0.529243
v 0.148922 -0.117531 -0.586465
v 0.295130 -0.094994 0.536700
v 0.375901 -0.040365 0.125968
v 0.400984 -0.026051 0.125248
v 0.400984 -0.026051 0.125248
v 0.402788 -0.032934 0.537560
v 0.295130 -0.094994 0.536700
v 0.188757 0.560163 0.023563
v 0.188757 0.557016 0.097446
v 0.315510 0.472168 0.101303
v 0.315510 0.472168 0.101303
v 0.400181 0.427205 -0.171220
v 0.188757 0.560163 0.023563
v 0.387308 0.381793 -0.462557
v 0.415355 0.224293 -0.462505
v 0.336783 0.211025 -0.530507
v 0.400181 0.427205 -0.171220
v 0.432990 0.235621 -0.184414
v 0.415355 0.224293 -0.462505
v 0.415355 0.224293 -0.462505
v 0.337916 0.088210 -0.457158
v 0.276255 0.110832 -0.529243
v 0.295130 -0.094994 0.536700
v 0.402788 -0.032934 0.537560
v 0.386324 -0.208314 0.547793
v 0.401981 0.473478 0.816715
v 0.188757 0.605742 0.813739
v 0.066387 0.692209 0.994407
v 0.426122 0.328506 0.802019
v 0.401981 0.473478 0.816715
v 0.237624 0.621969 1.058828
v 0.112413 0.533993 1.325507
v 0.237624 0.621969 1.058828
v 0.004684 0.687918 1.241887
v 0.112002 0.375589 1.326148
v 0.112413 0.533993 1.325507
v -0.045263 0.540337 1.409697
v 0.004684 0.687918 1.241887
v -0.055360 0.714004 1.160772
v -0.216910 0.623992 1.276283
v 0.237624 0.621969 1.058828
v 0.066387 0.692209 0.994407
v -0.055360 0.714004 1.160772
v -0.048453 0.373636 1.435636
v -0.045263 0.540337 1.409697
v -0.223588 0.320952 1.438303
v 0.112413 0.533993 1.325507
v 0.004684 0.687918 1.241887
v -0.088468 0.800492 1.500000
v -0.045263 0.540337 1.409697
v -0.154249 0.604158 1.357115
v -0.262919 0.414086 1.384308
v -0.307963 0.333544 1.434688
v -0.305049 0.393340 1.351561
v -0.420051 0.246040 1.439409
v -0.223588 0.320952 1.438303
v -0.262919 0.414086 1.384308
v -0.307963 0.333544 1.434688
v 0.309623 0.263900 1.141570
v 0.328344 0.315682 1.143323
v 0.112002 0.375589 1.326148
v -0.045263 0.540337 1.409697
v 0.112413 0.533993 1.325507
v -0.088468 0.800492 1.500000
v 0.004684 0.687918 1.241887
v -0.154249 0.604158 1.357115
v -0.088468 0.800492 1.500000
v 0.336783 0.211025 -0.530507
v 0.276255 0.110832 -0.529243
v 0.274041 -0.102906 -0.625719
v 0.432990 0.235621 -0.184414
v 0.400359 -0.011406 -0.006929
v 0.385950 -0.139598 -0.024882
v 0.274041 -0.102906 -0.625719
v 0.148922 -0.117531 -0.586465
v 0.208262 -0.383699 -0.884730
v -0.154249 0.604158 1.357115
v -0.216910 0.623992 1.276283
v -0.262919 0.414086 1.384308
v 0.400843 0.408350 0.508223
v 0.188757 0.541688 0.506603
v 0.188757 0.589715 0.674210
v 0.188757 0.552981 -0.204414
v 0.400181 0.427205 -0.171220
v 0.387308 0.381793 -0.462557
v 0.190520 0.481380 -0.459957
v 0.387308 0.381793 -0.462557
v 0.187157 0.373816 -0.527815
v 0.415355 0.224293 -0.462505
v 0.432990 0.235621 -0.184414
v 0.434339 -0.167961 -0.209014
v 0.400359 -0.011406 -0.006929
v 0.333362 -0.073706 -0.005888
v 0.338430 -0.144191 -0.001340
v 0.337916 0.088210 -0.457158
v 0.415355 0.224293 -0.462505
v 0.381710 -0.207099 -0.372922
v 0.263345 0.077440 -0.443114
v 0.337916 0.088210 -0.457158
v 0.336503 -0.198454 -0.420134
v 0.361535 -0.370660 -0.483102
v 0.374176 -0.379787 -0.473032
v 0.371537 -0.443227 -0.506187
v 0.290106 -0.441511 -0.495472
v 0.294167 -0.414893 -0.399976
v 0.287251 -0.400454 -0.433009
v 0.338430 -0.144191 -0.001340
v 0.267134 -0.087829 -0.008279
v 0.294167 -0.414893 -0.399976
v 0.321943 -0.363869 -0.490602
v 0.337083 -0.353622 -0.501903
v 0.337339 -0.429615 -0.537261
v 0.282651 -0.394346 -0.447438
v 0.288663 -0.385172 -0.467108
v 0.290106 -0.441511 -0.495472
v 0.385950 -0.139598 -0.024882
v 0.338430 -0.144191 -0.001340
v 0.353488 -0.365534 -0.316729
v 0.434339 -0.167961 -0.209014
v 0.385950 -0.139598 -0.024882
v 0.353488 -0.365534 -0.316729
v 0.287251 -0.400454 -0.433009
v 0.282651 -0.394346 -0.447438
v 0.290106 -0.441511 -0.495472
v 0.386324 -0.208314 0.547793
v 0.409829 -0.191146 0.602556
v 0.380371 -0.445310 0.649411
v 0.265595 -0.264946 0.610585
v 0.283906 -0.188995 0.548326
v 0.314281 -0.437023 0.625596
v 0.045545 -0.049212 0.877246
v -0.023270 0.060807 0.880137
v -0.011115 -0.192677 0.732288
v -0.011115 -0.192677 0.732288
v 0.040320 -0.195474 0.781504
v 0.045545 -0.049212 0.877246
v 0.188771 -0.131442 0.662348
v 0.295130 -0.094994 0.536700
v 0.283906 -0.188995 0.548326
v 0.283906 -0.188995 0.548326
v 0.386324 -0.208314 0.547793
v 0.314281 -0.437023 0.625596
v 0.180275 0.273534 -0.689459
v 0.305795 0.285310 -0.541673
v 0.297274 0.141461 -0.728361
v 0.274041 -0.102906 -0.625719
v 0.256124 -0.309154 -0.942374
v 0.315969 0.020272 -0.682359
v 0.034822 0.213536 -0.528195
v 0.066867 0.287296 -0.539844
v 0.029521 0.170726 -0.698855
v 0.029521 0.170726 -0.698855
v -0.004236 0.055270 -0.647073
v 0.034822 0.213536 -0.528195
v 0.250529 -0.107468 -1.057239
v 0.256124 -0.309154 -0.942374
v 0.117504 -0.453482 -1.215326
v 0.208262 -0.383699 -0.884730
v 0.073030 -0.383016 -0.849272
v -0.009321 -0.501243 -1.110909
v 0.256124 -0.309154 -0.942374
v 0.208262 -0.383699 -0.884730
v 0.070393 -0.498847 -1.141674
v 0.211228 -0.041308 -1.083085
v 0.250529 -0.107468 -1.057239
v 0.083822 -0.317549 -1.319929
v 0.089891 -0.004586 -1.098363
v 0.211228 -0.041308 -1.083085
v 0.083822 -0.317549 -1.319929
v 0.338430 -0.144191 -0.001340
v 0.333362 -0.073706 -0.005888
v 0.267134 -0.087829 -0.008279
v 0.188757 0.560163 0.023563
v 0.400181 0.427205 -0.171220
v 0.188757 0.552981 -0.204414
v 0.305795 0.285310 -0.541673
v 0.387308 0.381793 -0.462557
v 0.336783 0.211025 -0.530507
v 0.187157 0.373816 -0.527815
v 0.387308 0.381793 -0.462557
v 0.305795 0.285310 -0.541673
v 0.387308 0.381793 -0.462557
v 0.400181 0.427205 -0.171220
v 0.415355 0.224293 -0.462505
v 0.401981 0.473478 0.816715
v 0.188757 0.589715 0.674210
v 0.188757 0.605742 0.813739
v 0.336783 0.211025 -0.530507
v 0.415355 0.224293 -0.462505
v 0.276255 0.110832 -0.529243
v 0.237624 0.621969 1.058828
v 0.401981 0.473478 0.816715
v 0.066387 0.692209 0.994407
v 0.314161 0.507751 1.104167
v 0.426122 0.328506 0.802019
v 0.237624 0.621969 1.058828
v 0.283906 -0.188995 0.548326
v 0.295130 -0.094994 0.536700
v 0.386324 -0.208314 0.547793
v -0.048453 0.373636 1.435636
v 0.112002 0.375589 1.326148
v -0.045263 0.540337 1.409697
v 0.004684 0.687918 1.241887
v 0.237624 0.621969 1.058828
v -0.055360 0.714004 1.160772
v -0.262919 0.414086 1.384308
v -0.216910 0.623992 1.276283
v -0.305049 0.393340 1.351561
v -0.223588 0.320952 1.438303
v -0.045263 0.540337 1.409697
v -0.262919 0.414086 1.384308
v -0.307963 0.333544 1.434688
v -0.262919 0.414086 1.384308
v -0.305049 0.393340 1.351561
v 0.386324 -0.208314 0.547793
v 0.402788 -0.032934 0.537560
v 0.409829 -0.191146 0.602556
v 0.337724 -0.195460 0.781585
v 0.332534 -0.049185 0.877308
v 0.296193 -0.193579 0.748089
v 0.400984 -0.026051 0.125248
v 0.420977 0.116795 0.117456
v 0.402788 -0.032934 0.537560
v 0.180275 0.273534 -0.689459
v 0.187157 0.373816 -0.527815
v 0.305795 0.285310 -0.541673
v 0.434339 -0.167961 -0.209014
v 0.432990 0.235621 -0.184414
v 0.385950 -0.139598 -0.024882
v 0.256124 -0.309154 -0.942374
v 0.274041 -0.102906 -0.625719
v 0.208262 -0.383699 -0.884730
v -0.154249 0.604158 1.357115
v 0.004684 0.687918 1.241887
v -0.216910 0.623992 1.276283
v 0.401408 0.440671 0.661318
v 0.400843 0.408350 0.508223
v 0.188757 0.589715 0.674210
v 0.190520 0.481380 -0.459957
v 0.188757 0.552981 -0.204414
v 0.387308 0.381793 -0.462557
v 0.381710 -0.207099 -0.372922
v 0.415355 0.224293 -0.462505
v 0.434339 -0.167961 -0.209014
v 0.315510 0.472168 0.101303
v 0.400448 0.418689 0.103734
v 0.400181 0.427205 -0.171220
v 0.385950 -0.139598 -0.024882
v 0.400359 -0.011406 -0.006929
v 0.338430 -0.144191 -0.001340
v 0.336503 -0.198454 -0.420134
v 0.337916 0.088210 -0.457158
v 0.381710 -0.207099 -0.372922
v 0.284080 -0.211072 -0.372889
v 0.263345 0.077440 -0.443114
v 0.336503 -0.198454 -0.420134
v 0.294167 -0.414893 -0.399976
v 0.267134 -0.087829 -0.008279
v 0.287251 -0.400454 -0.433009
v 0.224943 -0.189471 0.602477
v 0.188771 -0.131442 0.662348
v 0.283906 -0.188995 0.548326
v 0.380371 -0.445310 0.649411
v 0.409829 -0.191146 0.602556
v 0.384605 -0.263618 0.685568
v 0.211228 -0.041308 -1.083085
v 0.180275 0.273534 -0.689459
v 0.250529 -0.107468 -1.057239
v 0.208262 -0.383699 -0.884730
v 0.148922 -0.117531 -0.586465
v 0.073030 -0.383016 -0.849272
v 0.089891 -0.004586 -1.098363
v 0.180275 0.273534 -0.689459
v 0.211228 -0.041308 -1.083085
v 0.250529 -0.107468 -1.057239
v 0.180275 0.273534 -0.689459
v 0.297274 0.141461 -0.728361
v 0.083822 -0.317549 -1.319929
v 0.250529 -0.107468 -1.057239
v 0.117504 -0.453482 -1.215326
v 0.070393 -0.498847 -1.141674
v 0.208262 -0.383699 -0.884730
v -0.009321 -0.501243 -1.110909
v 0.117504 -0.453482 -1.215326
v 0.256124 -0.309154 -0.942374
v 0.070393 -0.498847 -1.141674
v 0.093689 0.112350 -0.527845
v 0.148922 -0.117531 -0.586465
v 0.184831 0.092630 -0.526371
v 0.024356 -0.075616 -0.598204
v 0.148922 -0.117531 -0.586465
v 0.093689 0.112350 -0.527845
v -0.025363 -0.032956 0.537620
v -0.023473 -0.026071 0.125236
v 0.001610 -0.040385 0.125956
v 0.001610 -0.040385 0.125956
v 0.082339 -0.094931 0.536589
v -0.025363 -0.032956 0.537620
v -0.022667 0.427205 -0.171220
v 0.062004 0.472168 0.101303
v 0.188757 0.557016 0.097446
v 0.188757 0.557016 0.097446
v 0.188757 0.560163 0.023563
v -0.022667 0.427205 -0.171220
v -0.049593 0.314136 0.661048
v -0.024818 -0.004482 0.618557
v -0.023270 0.060807 0.880137
v -0.023270 0.060807 0.880137
v -0.048609 0.328506 0.802018
v -0.049593 0.314136 0.661048
v -0.007562 0.385076 -0.459534
v 0.034822 0.213536 -0.528195
v -0.037836 0.224312 -0.462508
v -0.022667 0.427205 -0.171220
v -0.037836 0.224312 -0.462508
v -0.055478 0.235607 -0.184415
v -0.037836 0.224312 -0.462508
v 0.093689 0.112350 -0.527845
v 0.039607 0.088240 -0.457185
v 0.082339 -0.094931 0.536589
v -0.008705 -0.208297 0.547802
v -0.025363 -0.032956 0.537620
v -0.024468 0.473478 0.816715
v 0.066387 0.692209 0.994407
v 0.188757 0.605742 0.813739
v -0.048609 0.328506 0.802018
v -0.069089 0.554420 0.961756
v -0.024468 0.473478 0.816715
v -0.134061 0.509430 0.961660
v -0.106436 0.676844 1.077850
v -0.069089 0.554420 0.961756
v 0.426122 0.328506 0.802019
v 0.314161 0.507751 1.104167
v 0.328344 0.315682 1.143323
v 0.328344 0.315682 1.143323
v 0.401247 0.060903 0.880048
v 0.426122 0.328506 0.802019
v -0.124908 0.351980 0.976420
v -0.271191 0.517822 1.076180
v -0.134061 0.509430 0.961660
v -0.106436 0.676844 1.077850
v -0.216910 0.623992 1.276283
v -0.055360 0.714004 1.160772
v -0.069089 0.554420 0.961756
v -0.055360 0.714004 1.160772
v 0.066387 0.692209 0.994407
v -0.285976 0.349965 1.085003
v -0.350454 0.308309 1.251022
v -0.271191 0.517822 1.076180
v -0.134061 0.509430 0.961660
v -0.387161 0.770726 1.059068
v -0.106436 0.676844 1.077850
v -0.271191 0.517822 1.076180
v -0.320953 0.408303 1.298638
v -0.267138 0.592908 1.190467
v -0.379355 0.326429 1.329298
v -0.420051 0.246040 1.439409
v -0.305049 0.393340 1.351561
v -0.350454 0.308309 1.251022
v -0.379355 0.326429 1.329298
v -0.320953 0.408303 1.298638
v -0.030741 0.188940 1.033848
v -0.124908 0.351980 0.976420
v -0.065438 0.228957 1.018695
v -0.271191 0.517822 1.076180
v -0.387161 0.770726 1.059068
v -0.134061 0.509430 0.961660
v -0.106436 0.676844 1.077850
v -0.387161 0.770726 1.059068
v -0.267138 0.592908 1.190467
v 0.034822 0.213536 -0.528195
v 0.024356 -0.075616 -0.598204
v 0.093689 0.112350 -0.527845
v -0.055478 0.235607 -0.184415
v -0.008441 -0.139704 -0.025061
v -0.022853 -0.011477 -0.006986
v 0.024356 -0.075616 -0.598204
v -0.058083 -0.337416 -0.832580
v 0.148922 -0.117531 -0.586465
v -0.267138 0.592908 1.190467
v -0.320953 0.408303 1.298638
v -0.216910 0.623992 1.276283
v -0.023329 0.408349 0.508223
v 0.188757 0.589715 0.674210
v 0.188757 0.541688 0.506603
v 0.188757 0.552981 -0.204414
v -0.007562 0.385076 -0.459534
v -0.022667 0.427205 -0.171220
v 0.190520 0.481380 -0.459957
v 0.187157 0.373816 -0.527815
v -0.007562 0.385076 -0.459534
v -0.037836 0.224312 -0.462508
v -0.056813 -0.167985 -0.209211
v -0.055478 0.235607 -0.184415
v -0.022853 -0.011477 -0.006986
v 0.039076 -0.144307 -0.001517
v 0.044146 -0.073767 -0.005949
v 0.039607 0.088240 -0.457185
v -0.004171 -0.207033 -0.373134
v -0.037836 0.224312 -0.462508
v 0.114179 0.077468 -0.443141
v 0.041041 -0.198365 -0.420337
v 0.039607 0.088240 -0.457185
v 0.016012 -0.370539 -0.483400
v 0.006007 -0.443116 -0.506511
v 0.003369 -0.379669 -0.473333
v 0.039076 -0.144307 -0.001517
v 0.083373 -0.414803 -0.400284
v 0.110376 -0.087884 -0.008338
v 0.055604 -0.363747 -0.490895
v 0.040205 -0.429509 -0.537585
v 0.040465 -0.353495 -0.502193
v 0.094892 -0.394239 -0.447740
v 0.087438 -0.441405 -0.495797
v 0.088881 -0.385059 -0.467406
v -0.008441 -0.139704 -0.025061
v 0.024044 -0.365487 -0.317014
v 0.039076 -0.144307 -0.001517
v -0.056813 -0.167985 -0.209211
v 0.024044 -0.365487 -0.317014
v -0.008441 -0.139704 -0.025061
v 0.090291 -0.400352 -0.433313
v 0.087438 -0.441405 -0.495797
v 0.094892 -0.394239 -0.447740
v -0.008705 -0.208297 0.547802
v -0.002622 -0.445209 0.649393
v -0.032107 -0.191152 0.602613
v 0.112176 -0.264894 0.610346
v 0.063423 -0.436957 0.625443
v 0.093703 -0.188918 0.548142
v 0.188771 -0.131442 0.662348
v 0.093703 -0.188918 0.548142
v 0.082339 -0.094931 0.536589
v 0.093703 -0.188918 0.548142
v 0.063423 -0.436957 0.625443
v -0.008705 -0.208297 0.547802
v 0.180275 0.273534 -0.689459
v -0.068477 -0.052034 -0.994777
v 0.029521 0.170726 -0.698855
v -0.004236 0.055270 -0.647073
v -0.096736 -0.247837 -0.873283
v 0.024356 -0.075616 -0.598204
v 0.315969 0.020272 -0.682359
v 0.256124 -0.309154 -0.942374
v 0.250529 -0.107468 -1.057239
v 0.250529 -0.107468 -1.057239
v 0.297274 0.141461 -0.728361
v 0.315969 0.020272 -0.682359
v -0.068477 -0.052034 -0.994777
v -0.141037 -0.400436 -1.152834
v -0.096736 -0.247837 -0.873283
v -0.058083 -0.337416 -0.832580
v -0.009321 -0.501243 -1.110909
v 0.073030 -0.383016 -0.849272
v -0.096736 -0.247837 -0.873283
v -0.087095 -0.466535 -1.103608
v -0.058083 -0.337416 -0.832580
v -0.022206 -0.000744 -1.037379
v -0.108772 -0.278034 -1.273378
v -0.068477 -0.052034 -0.994777
v 0.089891 -0.004586 -1.098363
v -0.108772 -0.278034 -1.273378
v -0.022206 -0.000744 -1.037379
v 0.039076 -0.144307 -0.001517
v 0.110376 -0.087884 -0.008338
v 0.044146 -0.073767 -0.005949
v 0.188757 0.560163 0.023563
v 0.188757 0.552981 -0.204414
v -0.022667 0.427205 -0.171220
v 0.066867 0.287296 -0.539844
v 0.034822 0.213536 -0.528195
v -0.007562 0.385076 -0.459534
v 0.187157 0.373816 -0.527815
v 0.066867 0.287296 -0.539844
v -0.007562 0.385076 -0.459534
v -0.007562 0.385076 -0.459534
v -0.037836 0.224312 -0.462508
v -0.022667 0.427205 -0.171220
v -0.024468 0.473478 0.816715
v 0.188757 0.605742 0.813739
v 0.188757 0.589715 0.674210
v 0.034822 0.213536 -0.528195
v 0.093689 0.112350 -0.527845
v -0.037836 0.224312 -0.462508
v -0.069089 0.554420 0.961756
v 0.066387 0.692209 0.994407
v -0.024468 0.473478 0.816715
v -0.069089 0.554420 0.961756
v -0.048609 0.328506 0.802018
v -0.107001 0.414997 0.970873
v 0.093703 -0.188918 0.548142
v -0.008705 -0.208297 0.547802
v 0.082339 -0.094931 0.536589
v -0.285976 0.349965 1.085003
v -0.271191 0.517822 1.076180
v -0.124908 0.351980 0.976420
v -0.106436 0.676844 1.077850
v -0.055360 0.714004 1.160772
v -0.069089 0.554420 0.961756
v -0.320953 0.408303 1.298638
v -0.305049 0.393340 1.351561
v -0.216910 0.623992 1.276283
v -0.350454 0.308309 1.251022
v -0.320953 0.408303 1.298638
v -0.271191 0.517822 1.076180
v -0.379355 0.326429 1.329298
v -0.305049 0.393340 1.351561
v -0.320953 0.408303 1.298638
v -0.008705 -0.208297 0.547802
v -0.032107 -0.191152 0.602613
v -0.025363 -0.032956 0.537620
v 0.040320 -0.195474 0.781504
v 0.081786 -0.193545 0.747931
v 0.045545 -0.049212 0.877246
v -0.023473 -0.026071 0.125236
v -0.025363 -0.032956 0.537620
v -0.043463 0.116794 0.117456
v 0.180275 0.273534 -0.689459
v 0.066867 0.287296 -0.539844
v 0.187157 0.373816 -0.527815
v -0.056813 -0.167985 -0.209211
v -0.008441 -0.139704 -0.025061
v -0.055478 0.235607 -0.184415
v -0.096736 -0.247837 -0.873283
v -0.058083 -0.337416 -0.832580
v 0.024356 -0.075616 -0.598204
v -0.267138 0.592908 1.190467
v -0.216910 0.623992 1.276283
v -0.106436 0.676844 1.077850
v 0.188757 0.589715 0.674210
v -0.023329 0.408349 0.508223
v -0.023894 0.440671 0.661318
v 0.190520 0.481380 -0.459957
v -0.007562 0.385076 -0.459534
v 0.188757 0.552981 -0.204414
v -0.004171 -0.207033 -0.373134
v -0.056813 -0.167985 -0.209211
v -0.037836 0.224312 -0.462508
v 0.062004 0.472168 0.101303
v -0.022667 0.427205 -0.171220
v -0.022934 0.418689 0.103733
v -0.008441 -0.139704 -0.025061
v 0.039076 -0.144307 -0.001517
v -0.022853 -0.011477 -0.006986
v 0.041041 -0.198365 -0.420337
v -0.004171 -0.207033 -0.373134
v 0.039607 0.088240 -0.457185
v 0.093459 -0.211002 -0.373094
v 0.041041 -0.198365 -0.420337
v 0.114179 0.077468 -0.443141
v 0.083373 -0.414803 -0.400284
v 0.087438 -0.441405 -0.495797
v 0.090291 -0.400352 -0.433313
v 0.093703 -0.188918 0.548142
v 0.188771 -0.131442 0.662348
v 0.152777 -0.189369 0.602178
v -0.002622 -0.445209 0.649393
v -0.006673 -0.263548 0.685567
v -0.032107 -0.191152 0.602613
v -0.022206 -0.000744 -1.037379
v -0.068477 -0.052034 -0.994777
v 0.180275 0.273534 -0.689459
v -0.058083 -0.337416 -0.832580
v 0.073030 -0.383016 -0.849272
v 0.148922 -0.117531 -0.586465
v 0.089891 -0.004586 -1.098363
v -0.022206 -0.000744 -1.037379
v 0.180275 0.273534 -0.689459
v -0.004236 0.055270 -0.647073
v 0.029521 0.170726 -0.698855
v -0.068477 -0.052034 -0.994777
v -0.068477 -0.052034 -0.994777
v -0.096736 -0.247837 -0.873283
v -0.004236 0.055270 -0.647073
v -0.108772 -0.278034 -1.273378
v -0.141037 -0.400436 -1.152834
v -0.068477 -0.052034 -0.994777
v -0.087095 -0.466535 -1.103608
v -0.009321 -0.501243 -1.110909
v -0.058083 -0.337416 -0.832580
v -0.141037 -0.400436 -1.152834
v -0.087095 -0.466535 -1.103608
v -0.096736 -0.247837 -0.873283
v 0.282651 -0.394346 -0.447438
v 0.287251 -0.400454 -0.433009
v 0.267134 -0.087829 -0.008279
v 0.267134 -0.087829 -0.008279
v 0.232286 -0.068405 -0.144431
v 0.282651 -0.394346 -0.447438
v -0.023329 0.408349 0.508223
v -0.022934 0.418689 0.103733
v -0.053427 0.260740 0.110913
v -0.053427 0.260740 0.110913
v -0.050567 0.299902 0.521417
v -0.023329 0.408349 0.508223
v 0.402788 -0.032934 0.537560
v 0.420977 0.116795 0.117456
v 0.430941 0.260740 0.110913
v 0.430941 0.260740 0.110913
v 0.428081 0.299902 0.521417
v 0.402788 -0.032934 0.537560
v -0.025363 -0.032956 0.537620
v -0.032107 -0.191152 0.602613
v -0.024818 -0.004482 0.618557
v -0.050567 0.299902 0.521417
v -0.053427 0.260740 0.110913
v -0.043463 0.116794 0.117456
v -0.043463 0.116794 0.117456
v -0.025363 -0.032956 0.537620
v -0.050567 0.299902 0.521417
v 0.400843 0.408350 0.508223
v 0.428081 0.299902 0.521417
v 0.430941 0.260740 0.110913
v 0.430941 0.260740 0.110913
v 0.400448 0.418689 0.103734
v 0.400843 0.408350 0.508223
v 0.332534 -0.049185 0.877308
v 0.337724 -0.195460 0.781585
v 0.389063 -0.192623 0.732272
v 0.389063 -0.192623 0.732272
v 0.401247 0.060903 0.880048
v 0.332534 -0.049185 0.877308
v -0.032107 -0.191152 0.602613
v -0.006673 -0.263548 0.685567
v -0.011115 -0.192677 0.732288
v 0.081786 -0.193545 0.747931
v 0.040320 -0.195474 0.781504
v 0.038120 -0.246319 0.739074
v 0.038120 -0.246319 0.739074
v 0.093572 -0.233313 0.703051
v 0.081786 -0.193545 0.747931
v 0.296193 -0.193579 0.748089
v 0.284379 -0.233365 0.703242
v 0.339913 -0.246328 0.739163
v 0.339913 -0.246328 0.739163
v 0.337724 -0.195460 0.781585
v 0.296193 -0.193579 0.748089
v 0.337724 -0.195460 0.781585
v 0.339913 -0.246328 0.739163
v 0.384605 -0.263618 0.685568
v 0.384605 -0.263618 0.685568
v 0.389063 -0.192623 0.732272
v 0.337724 -0.195460 0.781585
v 0.040320 -0.195474 0.781504
v -0.011115 -0.192677 0.732288
v -0.006673 -0.263548 0.685567
v -0.006673 -0.263548 0.685567
v 0.038120 -0.246319 0.739074
v 0.040320 -0.195474 0.781504
v 0.265595 -0.264946 0.610585
v 0.224943 -0.189471 0.602477
v 0.283906 -0.188995 0.548326
v 0.112176 -0.264894 0.610346
v 0.093703 -0.188918 0.548142
v 0.152777 -0.189369 0.602178
v 0.409829 -0.191146 0.602556
v 0.389063 -0.192623 0.732272
v 0.384605 -0.263618 0.685568
v 0.389063 -0.192623 0.732272
v 0.409829 -0.191146 0.602556
v 0.402368 -0.004437 0.618478
v 0.402368 -0.004437 0.618478
v 0.401247 0.060903 0.880048
v 0.389063 -0.192623 0.732272
v 0.427106 0.314136 0.661048
v 0.426122 0.328506 0.802019
v 0.401247 0.060903 0.880048
v 0.401247 0.060903 0.880048
v 0.402368 -0.004437 0.618478
v 0.427106 0.314136 0.661048
v 0.402368 -0.004437 0.618478
v 0.402788 -0.032934 0.537560
v 0.428081 0.299902 0.521417
v 0.428081 0.299902 0.521417
v 0.427106 0.314136 0.661048
v 0.402368 -0.004437 0.618478
v 0.401408 0.440671 0.661318
v 0.427106 0.314136 0.661048
v 0.428081 0.299902 0.521417
v 0.428081 0.299902 0.521417
v 0.400843 0.408350 0.508223
v 0.401408 0.440671 0.661318
v -0.023894 0.440671 0.661318
v -0.049593 0.314136 0.661048
v -0.048609 0.328506 0.802018
v -0.048609 0.328506 0.802018
v -0.024468 0.473478 0.816715
v -0.023894 0.440671 0.661318
v -0.023270 0.060807 0.880137
v -0.024818 -0.004482 0.618557
v -0.032107 -0.191152 0.602613
v -0.032107 -0.191152 0.602613
v -0.011115 -0.192677 0.732288
v -0.023270 0.060807 0.880137
v 0.402788 -0.032934 0.537560
v 0.402368 -0.004437 0.618478
v 0.409829 -0.191146 0.602556
v -0.023894 0.440671 0.661318
v -0.023329 0.408349 0.508223
v -0.050567 0.299902 0.521417
v -0.050567 0.299902 0.521417
v -0.049593 0.314136 0.661048
v -0.023894 0.440671 0.661318
v -0.024468 0.473478 0.816715
v 0.188757 0.589715 0.674210
v -0.023894 0.440671 0.661318
v 0.401981 0.473478 0.816715
v 0.401408 0.440671 0.661318
v 0.188757 0.589715 0.674210
v 0.401408 0.440671 0.661318
v 0.401981 0.473478 0.816715
v 0.426122 0.328506 0.802019
v 0.426122 0.328506 0.802019
v 0.427106 0.314136 0.661048
v 0.401408 0.440671 0.661318
v -0.049593 0.314136 0.661048
v -0.050567 0.299902 0.521417
v -0.025363 -0.032956 0.537620
v -0.025363 -0.032956 0.537620
v -0.024818 -0.004482 0.618557
v -0.049593 0.314136 0.661048
v 0.337083 -0.353622 -0.501903
v 0.321943 -0.363869 -0.490602
v 0.284080 -0.211072 -0.372889
v 0.284080 -0.211072 -0.372889
v 0.336503 -0.198454 -0.420134
v 0.337083 -0.353622 -0.501903
v 0.288663 -0.385172 -0.467108
v 0.282651 -0.394346 -0.447438
v 0.232286 -0.068405 -0.144431
v 0.232286 -0.068405 -0.144431
v 0.284080 -0.211072 -0.372889
v 0.288663 -0.385172 -0.467108
v 0.374176 -0.379787 -0.473032
v 0.361535 -0.370660 -0.483102
v 0.336503 -0.198454 -0.420134
v 0.336503 -0.198454 -0.420134
v 0.381710 -0.207099 -0.372922
v 0.374176 -0.379787 -0.473032
v 0.003369 -0.379669 -0.473333
v -0.004171 -0.207033 -0.373134
v 0.041041 -0.198365 -0.420337
v 0.041041 -0.198365 -0.420337
v 0.016012 -0.370539 -0.483400
v 0.003369 -0.379669 -0.473333
v 0.040465 -0.353495 -0.502193
v 0.041041 -0.198365 -0.420337
v 0.093459 -0.211002 -0.373094
v 0.093459 -0.211002 -0.373094
v 0.055604 -0.363747 -0.490895
v 0.040465 -0.353495 -0.502193
v -0.004171 -0.207033 -0.373134
v -0.005727 -0.411206 -0.447762
v -0.056813 -0.167985 -0.209211
v 0.381710 -0.207099 -0.372922
v 0.434339 -0.167961 -0.209014
v 0.383270 -0.411316 -0.447450
v 0.094892 -0.394239 -0.447740
v 0.145228 -0.068433 -0.144482
v 0.110376 -0.087884 -0.008338
v 0.110376 -0.087884 -0.008338
v 0.090291 -0.400352 -0.433313
v 0.094892 -0.394239 -0.447740
v 0.088881 -0.385059 -0.467406
v 0.093459 -0.211002 -0.373094
v 0.145228 -0.068433 -0.144482
v 0.145228 -0.068433 -0.144482
v 0.094892 -0.394239 -0.447740
v 0.088881 -0.385059 -0.467406
v 0.110376 -0.087884 -0.008338
v 0.083373 -0.414803 -0.400284
v 0.090291 -0.400352 -0.433313
v 0.336783 0.211025 -0.530507
v 0.315969 0.020272 -0.682359
v 0.297274 0.141461 -0.728361
v 0.297274 0.141461 -0.728361
v 0.305795 0.285310 -0.541673
v 0.336783 0.211025 -0.530507
v 0.066867 0.287296 -0.539844
v 0.180275 0.273534 -0.689459
v 0.029521 0.170726 -0.698855
v 0.034822 0.213536 -0.528195
v -0.004236 0.055270 -0.647073
v 0.024356 -0.075616 -0.598204
v 0.336783 0.211025 -0.530507
v 0.274041 -0.102906 -0.625719
v 0.315969 0.020272 -0.682359
v 0.188757 0.541688 0.506603
v 0.188757 0.557016 0.097446
v 0.062004 0.472168 0.101303
v 0.188757 0.541688 0.506603
v 0.315510 0.472168 0.101303
v 0.188757 0.557016 0.097446
v 0.400448 0.418689 0.103734
v 0.315510 0.472168 0.101303
v 0.188757 0.541688 0.506603
v 0.188757 0.541688 0.506603
v 0.400843 0.408350 0.508223
v 0.400448 0.418689 0.103734
v 0.400448 0.418689 0.103734
v 0.430941 0.260740 0.110913
v 0.432990 0.235621 -0.184414
v 0.432990 0.235621 -0.184414
v 0.400181 0.427205 -0.171220
v 0.400448 0.418689 0.103734
v 0.420977 0.116795 0.117456
v 0.400984 -0.026051 0.125248
v 0.400359 -0.011406 -0.006929
v 0.400359 -0.011406 -0.006929
v 0.432990 0.235621 -0.184414
v 0.420977 0.116795 0.117456
v 0.432990 0.235621 -0.184414
v 0.430941 0.260740 0.110913
v 0.420977 0.116795 0.117456
v 0.400359 -0.011406 -0.006929
v 0.400984 -0.026051 0.125248
v 0.375901 -0.040365 0.125968
v -0.055478 0.235607 -0.184415
v -0.043463 0.116794 0.117456
v -0.053427 0.260740 0.110913
v -0.022934 0.418689 0.103733
v -0.023329 0.408349 0.508223
v 0.188757 0.541688 0.506603
v 0.188757 0.541688 0.506603
v 0.062004 0.472168 0.101303
v -0.022934 0.418689 0.103733
v -0.022934 0.418689 0.103733
v -0.022667 0.427205 -0.171220
v -0.055478 0.235607 -0.184415
v -0.055478 0.235607 -0.184415
v -0.053427 0.260740 0.110913
v -0.022934 0.418689 0.103733
v -0.022853 -0.011477 -0.006986
v 0.001610 -0.040385 0.125956
v -0.023473 -0.026071 0.125236
v -0.043463 0.116794 0.117456
v -0.055478 0.235607 -0.184415
v -0.022853 -0.011477 -0.006986
v -0.022853 -0.011477 -0.006986
v -0.023473 -0.026071 0.125236
v -0.043463 0.116794 0.117456
v -0.048609 0.328506 0.802018
v -0.023270 0.060807 0.880137
v -0.065438 0.228957 1.018695
v -0.065438 0.228957 1.018695
v -0.107001 0.414997 0.970873
v -0.048609 0.328506 0.802018
v 0.314161 0.507751 1.104167
v 0.112413 0.533993 1.325507
v 0.112002 0.375589 1.326148
v 0.112002 0.375589 1.326148
v 0.328344 0.315682 1.143323
v 0.314161 0.507751 1.104167
v 0.328344 0.315682 1.143323
v 0.309623 0.263900 1.141570
v 0.332534 -0.049185 0.877308
v 0.332534 -0.049185 0.877308
v 0.401247 0.060903 0.880048
v 0.328344 0.315682 1.143323
v -0.065438 0.228957 1.018695
v -0.023270 0.060807 0.880137
v 0.045545 -0.049212 0.877246
v 0.045545 -0.049212 0.877246
v -0.030741 0.188940 1.033848
v -0.065438 0.228957 1.018695
v -0.107001 0.414997 0.970873
v -0.065438 0.228957 1.018695
v -0.124908 0.351980 0.976420
v -0.124908 0.351980 0.976420
v -0.134061 0.509430 0.961660
v -0.107001 0.414997 0.970873
v 0.112413 0.533993 1.325507
v 0.314161 0.507751 1.104167
v 0.237624 0.621969 1.058828
v -0.134061 0.509430 0.961660
v -0.069089 0.554420 0.961756
v -0.107001 0.414997 0.970873
v 0.383270 -0.411316 -0.447450
v 0.353488 -0.365534 -0.316729
v 0.350801 -0.445898 -0.389936
v 0.294167 -0.414893 -0.399976
v 0.290106 -0.441511 -0.495472
v 0.284911 -0.687001 -0.402751
v 0.383270 -0.411316 -0.447450
v 0.350801 -0.445898 -0.389936
v 0.386446 -0.624604 -0.424466
v 0.335624 -0.777245 -0.412758
v 0.386446 -0.624604 -0.424466
v 0.387188 -0.711452 -0.383049
v 0.290106 -0.441511 -0.495472
v 0.337339 -0.429615 -0.537261
v 0.335624 -0.777245 -0.412758
v 0.350801 -0.445898 -0.389936
v 0.294167 -0.414893 -0.399976
v 0.297910 -0.640752 -0.393421
v 0.371537 -0.443227 -0.506187
v 0.383270 -0.411316 -0.447450
v 0.386446 -0.624604 -0.424466
v 0.337339 -0.429615 -0.537261
v 0.371537 -0.443227 -0.506187
v 0.386446 -0.624604 -0.424466
v 0.307129 -0.774594 -0.272140
v 0.284911 -0.687001 -0.402751
v 0.283632 -0.782081 -0.361236
v 0.307129 -0.774594 -0.272140
v 0.283632 -0.782081 -0.361236
v 0.386063 -0.781669 -0.360594
v 0.335624 -0.777245 -0.412758
v 0.387188 -0.711452 -0.383049
v 0.386063 -0.781669 -0.360594
v 0.387188 -0.711452 -0.383049
v 0.386446 -0.624604 -0.424466
v 0.357032 -0.773594 -0.272458
v 0.386446 -0.624604 -0.424466
v 0.336032 -0.642646 -0.371251
v 0.357032 -0.773594 -0.272458
v 0.336032 -0.642646 -0.371251
v 0.297910 -0.640752 -0.393421
v 0.307129 -0.774594 -0.272140
v 0.314281 -0.437023 0.625596
v 0.380371 -0.445310 0.649411
v 0.358629 -0.620562 0.707100
v 0.314281 -0.437023 0.625596
v 0.308772 -0.672170 0.731290
v 0.282680 -0.428979 0.662940
v 0.364226 -0.418833 0.748067
v 0.338394 -0.408588 0.777601
v 0.336562 -0.655173 0.826970
v 0.315003 -0.414094 0.746644
v 0.285983 -0.417629 0.726785
v 0.287621 -0.644432 0.761957
v 0.285983 -0.417629 0.726785
v 0.274935 -0.426636 0.676127
v 0.287621 -0.644432 0.761957
v 0.380371 -0.445310 0.649411
v 0.384605 -0.263618 0.685568
v 0.378300 -0.422290 0.728952
v 0.298015 -0.762067 0.883477
v 0.287621 -0.644432 0.761957
v 0.291559 -0.780129 0.749862
v 0.291559 -0.780129 0.749862
v 0.371912 -0.780630 0.750129
v 0.366495 -0.767657 0.879890
v 0.287621 -0.644432 0.761957
v 0.308772 -0.672170 0.731290
v 0.291559 -0.780129 0.749862
v 0.308772 -0.672170 0.731290
v 0.375950 -0.671415 0.745322
v 0.371912 -0.780630 0.750129
v 0.369537 -0.653491 0.781620
v 0.336562 -0.655173 0.826970
v 0.338445 -0.774595 0.919723
v 0.336562 -0.655173 0.826970
v 0.287621 -0.644432 0.761957
v 0.298015 -0.762067 0.883477
v 0.375950 -0.671415 0.745322
v 0.369537 -0.653491 0.781620
v 0.366495 -0.767657 0.879890
v 0.337083 -0.353622 -0.501903
v 0.336503 -0.198454 -0.420134
v 0.361535 -0.370660 -0.483102
v 0.353488 -0.365534 -0.316729
v 0.338430 -0.144191 -0.001340
v 0.294167 -0.414893 -0.399976
v 0.288663 -0.385172 -0.467108
v 0.284080 -0.211072 -0.372889
v 0.321943 -0.363869 -0.490602
v 0.350801 -0.445898 -0.389936
v 0.353488 -0.365534 -0.316729
v 0.294167 -0.414893 -0.399976
v 0.383270 -0.411316 -0.447450
v 0.434339 -0.167961 -0.209014
v 0.353488 -0.365534 -0.316729
v 0.297910 -0.640752 -0.393421
v 0.294167 -0.414893 -0.399976
v 0.284911 -0.687001 -0.402751
v 0.386446 -0.624604 -0.424466
v 0.350801 -0.445898 -0.389936
v 0.336032 -0.642646 -0.371251
v 0.284911 -0.687001 -0.402751
v 0.290106 -0.441511 -0.495472
v 0.335624 -0.777245 -0.412758
v 0.336032 -0.642646 -0.371251
v 0.350801 -0.445898 -0.389936
v 0.297910 -0.640752 -0.393421
v 0.335624 -0.777245 -0.412758
v 0.337339 -0.429615 -0.537261
v 0.386446 -0.624604 -0.424466
v 0.283632 -0.782081 -0.361236
v 0.284911 -0.687001 -0.402751
v 0.335624 -0.777245 -0.412758
v 0.357032 -0.773594 -0.272458
v 0.307129 -0.774594 -0.272140
v 0.386063 -0.781669 -0.360594
v 0.335624 -0.777245 -0.412758
v 0.386063 -0.781669 -0.360594
v 0.283632 -0.782081 -0.361236
v 0.386063 -0.781669 -0.360594
v 0.387188 -0.711452 -0.383049
v 0.357032 -0.773594 -0.272458
v 0.307129 -0.774594 -0.272140
v 0.297910 -0.640752 -0.393421
v 0.284911 -0.687001 -0.402751
v 0.357032 -0.773594 -0.272458
v 0.336032 -0.642646 -0.371251
v 0.307129 -0.774594 -0.272140
v 0.314281 -0.437023 0.625596
v 0.386324 -0.208314 0.547793
v 0.380371 -0.445310 0.649411
v 0.358629 -0.620562 0.707100
v 0.380371 -0.445310 0.649411
v 0.375950 -0.671415 0.745322
v 0.274935 -0.426636 0.676127
v 0.265595 -0.264946 0.610585
v 0.282680 -0.428979 0.662940
v 0.378300 -0.422290 0.728952
v 0.384605 -0.263618 0.685568
v 0.364226 -0.418833 0.748067
v 0.338394 -0.408588 0.777601
v 0.339913 -0.246328 0.739163
v 0.315003 -0.414094 0.746644
v 0.308772 -0.672170 0.731290
v 0.314281 -0.437023 0.625596
v 0.358629 -0.620562 0.707100
v 0.375950 -0.671415 0.745322
v 0.380371 -0.445310 0.649411
v 0.369537 -0.653491 0.781620
v 0.371912 -0.780630 0.750129
v 0.375950 -0.671415 0.745322
v 0.366495 -0.767657 0.879890
v 0.308772 -0.672170 0.731290
v 0.358629 -0.620562 0.707100
v 0.375950 -0.671415 0.745322
v 0.298015 -0.762067 0.883477
v 0.291559 -0.780129 0.749862
v 0.338445 -0.774595 0.919723
v 0.338445 -0.774595 0.919723
v 0.291559 -0.780129 0.749862
v 0.366495 -0.767657 0.879890
v 0.291559 -0.780129 0.749862
v 0.308772 -0.672170 0.731290
v 0.371912 -0.780630 0.750129
v 0.366495 -0.767657 0.879890
v 0.369537 -0.653491 0.781620
v 0.338445 -0.774595 0.919723
v 0.338445 -0.774595 0.919723
v 0.336562 -0.655173 0.826970
v 0.298015 -0.762067 0.883477
v -0.005727 -0.411206 -0.447762
v 0.026751 -0.445768 -0.390266
v 0.024044 -0.365487 -0.317014
v 0.083373 -0.414803 -0.400284
v 0.092618 -0.686856 -0.402891
v 0.087438 -0.441405 -0.495797
v -0.005727 -0.411206 -0.447762
v -0.008912 -0.624464 -0.424639
v 0.026751 -0.445768 -0.390266
v 0.041891 -0.777102 -0.412815
v -0.009658 -0.711278 -0.383152
v -0.008912 -0.624464 -0.424639
v 0.087438 -0.441405 -0.495797
v 0.041891 -0.777102 -0.412815
v 0.040205 -0.429509 -0.537585
v 0.026751 -0.445768 -0.390266
v 0.079626 -0.640598 -0.393598
v 0.083373 -0.414803 -0.400284
v 0.006007 -0.443116 -0.506511
v -0.008912 -0.624464 -0.424639
v -0.005727 -0.411206 -0.447762
v 0.040205 -0.429509 -0.537585
v -0.008912 -0.624464 -0.424639
v 0.006007 -0.443116 -0.506511
v 0.070412 -0.774339 -0.272205
v 0.093892 -0.781902 -0.361299
v 0.092618 -0.686856 -0.402891
v 0.070412 -0.774339 -0.272205
v -0.008538 -0.781476 -0.360638
v 0.093892 -0.781902 -0.361299
v 0.041891 -0.777102 -0.412815
v -0.008538 -0.781476 -0.360638
v -0.009658 -0.711278 -0.383152
v -0.009658 -0.711278 -0.383152
v 0.020509 -0.773333 -0.272514
v -0.008912 -0.624464 -0.424639
v -0.008912 -0.624464 -0.424639
v 0.020509 -0.773333 -0.272514
v 0.041508 -0.642469 -0.371419
v 0.041508 -0.642469 -0.371419
v 0.070412 -0.774339 -0.272205
v 0.079626 -0.640598 -0.393598
v 0.063423 -0.436957 0.625443
v 0.019259 -0.620347 0.707055
v -0.002622 -0.445209 0.649393
v 0.095105 -0.428932 0.662723
v 0.068675 -0.672434 0.731102
v 0.063423 -0.436957 0.625443
v 0.013739 -0.418746 0.748017
v 0.041315 -0.655154 0.826863
v 0.039637 -0.408517 0.777498
v 0.062961 -0.414035 0.746493
v 0.090180 -0.644898 0.761701
v 0.091939 -0.417584 0.726575
v 0.091939 -0.417584 0.726575
v 0.090180 -0.644898 0.761701
v 0.102878 -0.426594 0.675893
v -0.002622 -0.445209 0.649393
v 0.008234 -0.653159 0.781613
v -0.000375 -0.422195 0.728931
v 0.078898 -0.762452 0.883272
v 0.084742 -0.780603 0.749641
v 0.090180 -0.644898 0.761701
v 0.084742 -0.780603 0.749641
v 0.010351 -0.767307 0.879900
v 0.004389 -0.780242 0.750159
v 0.090180 -0.644898 0.761701
v 0.084742 -0.780603 0.749641
v 0.068675 -0.672434 0.731102
v 0.068675 -0.672434 0.731102
v 0.004389 -0.780242 0.750159
v 0.001547 -0.671025 0.745337
v 0.008234 -0.653159 0.781613
v 0.038449 -0.774539 0.919646
v 0.041315 -0.655154 0.826863
v 0.041315 -0.655154 0.826863
v 0.078898 -0.762452 0.883272
v 0.090180 -0.644898 0.761701
v 0.001547 -0.671025 0.745337
v 0.010351 -0.767307 0.879900
v 0.008234 -0.653159 0.781613
v 0.040465 -0.353495 -0.502193
v 0.016012 -0.370539 -0.483400
v 0.041041 -0.198365 -0.420337
v 0.024044 -0.365487 -0.317014
v 0.083373 -0.414803 -0.400284
v 0.039076 -0.144307 -0.001517
v 0.088881 -0.385059 -0.467406
v 0.055604 -0.363747 -0.490895
v 0.093459 -0.211002 -0.373094
v 0.026751 -0.445768 -0.390266
v 0.083373 -0.414803 -0.400284
v 0.024044 -0.365487 -0.317014
v -0.005727 -0.411206 -0.447762
v 0.024044 -0.365487 -0.317014
v -0.056813 -0.167985 -0.209211
v 0.079626 -0.640598 -0.393598
v 0.092618 -0.686856 -0.402891
v 0.083373 -0.414803 -0.400284
v -0.008912 -0.624464 -0.424639
v 0.041508 -0.642469 -0.371419
v 0.026751 -0.445768 -0.390266
v 0.092618 -0.686856 -0.402891
v 0.041891 -0.777102 -0.412815
v 0.087438 -0.441405 -0.495797
v 0.041508 -0.642469 -0.371419
v 0.079626 -0.640598 -0.393598
v 0.026751 -0.445768 -0.390266
v 0.041891 -0.777102 -0.412815
v -0.008912 -0.624464 -0.424639
v 0.040205 -0.429509 -0.537585
v 0.093892 -0.781902 -0.361299
v 0.041891 -0.777102 -0.412815
v 0.092618 -0.686856 -0.402891
v 0.020509 -0.773333 -0.272514
v -0.008538 -0.781476 -0.360638
v 0.070412 -0.774339 -0.272205
v 0.041891 -0.777102 -0.412815
v 0.093892 -0.781902 -0.361299
v -0.008538 -0.781476 -0.360638
v -0.008538 -0.781476 -0.360638
v 0.020509 -0.773333 -0.272514
v -0.009658 -0.711278 -0.383152
v 0.070412 -0.774339 -0.272205
v 0.092618 -0.686856 -0.402891
v 0.079626 -0.640598 -0.393598
v 0.020509 -0.773333 -0.272514
v 0.070412 -0.774339 -0.272205
v 0.041508 -0.642469 -0.371419
v 0.063423 -0.436957 0.625443
v -0.002622 -0.445209 0.649393
v -0.008705 -0.208297 0.547802
v 0.019259 -0.620347 0.707055
v 0.001547 -0.671025 0.745337
v -0.002622 -0.445209 0.649393
v 0.102878 -0.426594 0.675893
v 0.095105 -0.428932 0.662723
v 0.112176 -0.264894 0.610346
v -0.000375 -0.422195 0.728931
v 0.013739 -0.418746 0.748017
v -0.006673 -0.263548 0.685567
v 0.039637 -0.408517 0.777498
v 0.062961 -0.414035 0.746493
v 0.038120 -0.246319 0.739074
v 0.068675 -0.672434 0.731102
v 0.019259 -0.620347 0.707055
v 0.063423 -0.436957 0.625443
v 0.001547 -0.671025 0.745337
v 0.008234 -0.653159 0.781613
v -0.002622 -0.445209 0.649393
v 0.004389 -0.780242 0.750159
v 0.010351 -0.767307 0.879900
v 0.001547 -0.671025 0.745337
v 0.068675 -0.672434 0.731102
v 0.001547 -0.671025 0.745337
v 0.019259 -0.620347 0.707055
v 0.078898 -0.762452 0.883272
v 0.038449 -0.774539 0.919646
v 0.084742 -0.780603 0.749641
v 0.038449 -0.774539 0.919646
v 0.010351 -0.767307 0.879900
v 0.084742 -0.780603 0.749641
v 0.084742 -0.780603 0.749641
v 0.004389 -0.780242 0.750159
v 0.068675 -0.672434 0.731102
v 0.010351 -0.767307 0.879900
v 0.038449 -0.774539 0.919646
v 0.008234 -0.653159 0.781613
v 0.038449 -0.774539 0.919646
v 0.078898 -0.762452 0.883272
v 0.041315 -0.655154 0.826863
v 0.364226 -0.418833 0.748067
v 0.336562 -0.655173 0.826970
v 0.369537 -0.653491 0.781620
v 0.369537 -0.653491 0.781620
v 0.378300 -0.422290 0.728952
v 0.364226 -0.418833 0.748067
v 0.095105 -0.428932 0.662723
v 0.102878 -0.426594 0.675893
v 0.090180 -0.644898 0.761701
v 0.090180 -0.644898 0.761701
v 0.068675 -0.672434 0.731102
v 0.095105 -0.428932 0.662723
v 0.062961 -0.414035 0.746493
v 0.039637 -0.408517 0.777498
v 0.041315 -0.655154 0.826863
v 0.041315 -0.655154 0.826863
v 0.090180 -0.644898 0.761701
v 0.062961 -0.414035 0.746493
v 0.338394 -0.408588 0.777601
v 0.364226 -0.418833 0.748067
v 0.384605 -0.263618 0.685568
v 0.384605 -0.263618 0.685568
v 0.339913 -0.246328 0.739163
v 0.338394 -0.408588 0.777601
v 0.315003 -0.414094 0.746644
v 0.287621 -0.644432 0.761957
v 0.336562 -0.655173 0.826970
v 0.336562 -0.655173 0.826970
v 0.338394 -0.408588 0.777601
v 0.315003 -0.414094 0.746644
v 0.282680 -0.428979 0.662940
v 0.308772 -0.672170 0.731290
v 0.287621 -0.644432 0.761957
v 0.287621 -0.644432 0.761957
v 0.274935 -0.426636 0.676127
v 0.282680 -0.428979 0.662940
v 0.091939 -0.417584 0.726575
v 0.093572 -0.233313 0.703051
v 0.038120 -0.246319 0.739074
v 0.038120 -0.246319 0.739074
v 0.062961 -0.414035 0.746493
v 0.091939 -0.417584 0.726575
v 0.102878 -0.426594 0.675893
v 0.112176 -0.264894 0.610346
v 0.093572 -0.233313 0.703051
v 0.093572 -0.233313 0.703051
v 0.091939 -0.417584 0.726575
v 0.102878 -0.426594 0.675893
v 0.285983 -0.417629 0.726785
v 0.315003 -0.414094 0.746644
v 0.339913 -0.246328 0.739163
v 0.339913 -0.246328 0.739163
v 0.284379 -0.233365 0.703242
v 0.285983 -0.417629 0.726785
v 0.274935 -0.426636 0.676127
v 0.285983 -0.417629 0.726785
v 0.284379 -0.233365 0.703242
v 0.284379 -0.233365 0.703242
v 0.265595 -0.264946 0.610585
v 0.274935 -0.426636 0.676127
v 0.039637 -0.408517 0.777498
v 0.038120 -0.246319 0.739074
v -0.006673 -0.263548 0.685567
v -0.006673 -0.263548 0.685567
v 0.013739 -0.418746 0.748017
v 0.039637 -0.408517 0.777498
v 0.013739 -0.418746 0.748017
v -0.000375 -0.422195 0.728931
v 0.008234 -0.653159 0.781613
v 0.008234 -0.653159 0.781613
v 0.041315 -0.655154 0.826863
v 0.013739 -0.418746 0.748017
v 0.369537 -0.653491 0.781620
v 0.380371 -0.445310 0.649411
v 0.378300 -0.422290 0.728952
v 0.265595 -0.264946 0.610585
v 0.314281 -0.437023 0.625596
v 0.282680 -0.428979 0.662940
v 0.112176 -0.264894 0.610346
v 0.095105 -0.428932 0.662723
v 0.063423 -0.436957 0.625443
v -0.006673 -0.263548 0.685567
v -0.002622 -0.445209 0.649393
v -0.000375 -0.422195 0.728931
v 0.055604 -0.363747 -0.490895
v 0.088881 -0.385059 -0.467406
v 0.087438 -0.441405 -0.495797
v 0.087438 -0.441405 -0.495797
v 0.040205 -0.429509 -0.537585
v 0.055604 -0.363747 -0.490895
v 0.321943 -0.363869 -0.490602
v 0.337339 -0.429615 -0.537261
v 0.290106 -0.441511 -0.495472
v 0.290106 -0.441511 -0.495472
v 0.288663 -0.385172 -0.467108
v 0.321943 -0.363869 -0.490602
v 0.361535 -0.370660 -0.483102
v 0.371537 -0.443227 -0.506187
v 0.337339 -0.429615 -0.537261
v 0.337339 -0.429615 -0.537261
v 0.337083 -0.353622 -0.501903
v 0.361535 -0.370660 -0.483102
v 0.016012 -0.370539 -0.483400
v 0.040465 -0.353495 -0.502193
v 0.040205 -0.429509 -0.537585
v 0.040205 -0.429509 -0.537585
v 0.006007 -0.443116 -0.506511
v 0.016012 -0.370539 -0.483400
v 0.003369 -0.379669 -0.473333
v -0.005727 -0.411206 -0.447762
v -0.004171 -0.207033 -0.373134
v 0.006007 -0.443116 -0.506511
v -0.005727 -0.411206 -0.447762
v 0.003369 -0.379669 -0.473333
v 0.374176 -0.379787 -0.473032
v 0.381710 -0.207099 -0.372922
v 0.383270 -0.411316 -0.447450
v 0.371537 -0.443227 -0.506187
v 0.374176 -0.379787 -0.473032
v 0.383270 -0.411316 -0.447450
v -0.397697 0.227613 1.465089
v -0.420051 0.246040 1.439409
v -0.410889 0.198307 1.436425
v -0.434339 0.223962 1.410998
v -0.410889 0.198307 1.436425
v -0.420051 0.246040 1.439409
v 0.188757 -0.800492 0.291341
v 0.197765 -0.797329 0.297886
v 0.185316 -0.797329 0.301931
v 0.204083 -0.788785 0.302476
v 0.197765 -0.797329 0.297886
v 0.206773 -0.790448 0.291341
v 0.188757 -0.800492 0.291341
v 0.185316 -0.797329 0.301931
v 0.177623 -0.797329 0.291341
v 0.188757 -0.800492 0.291341
v 0.177623 -0.797329 0.291341
v 0.185316 -0.797329 0.280752
v 0.188757 -0.800492 0.291341
v 0.185316 -0.797329 0.280752
v 0.197765 -0.797329 0.284797
v 0.204083 -0.788785 0.302476
v 0.206773 -0.790448 0.291341
v 0.208900 -0.779313 0.297886
v 0.182903 -0.788785 0.309357
v 0.194324 -0.790448 0.308475
v 0.188757 -0.779313 0.312520
v 0.169814 -0.788785 0.291341
v 0.174182 -0.790448 0.301931
v 0.168614 -0.779313 0.297886
v 0.182903 -0.788785 0.273325
v 0.174182 -0.790448 0.280752
v 0.176308 -0.779313 0.274207
v 0.204083 -0.788785 0.280207
v 0.194324 -0.790448 0.274207
v 0.201206 -0.779313 0.274207
v 0.204083 -0.788785 0.302476
v 0.208900 -0.779313 0.297886
v 0.201206 -0.779313 0.308476
v 0.182903 -0.788785 0.309357
v 0.188757 -0.779313 0.312520
v 0.176308 -0.779313 0.308476
v 0.169814 -0.788785 0.291341
v 0.168614 -0.779313 0.297886
v 0.168614 -0.779313 0.284797
v 0.182903 -0.788785 0.273325
v 0.176308 -0.779313 0.274207
v 0.188757 -0.779313 0.270162
v 0.204083 -0.788785 0.280207
v 0.201206 -0.779313 0.274207
v 0.208900 -0.779313 0.284797
v 0.194611 -0.769841 0.309357
v 0.203332 -0.768178 0.301931
v 0.192198 -0.761297 0.301931
v 0.173432 -0.769841 0.302476
v 0.183190 -0.768178 0.308475
v 0.179749 -0.761297 0.297886
v 0.173432 -0.769841 0.280207
v 0.170741 -0.768178 0.291341
v 0.179749 -0.761297 0.284797
v 0.194611 -0.769841 0.273325
v 0.183190 -0.768178 0.274207
v 0.192198 -0.761297 0.280752
v 0.207700 -0.769841 0.291341
v 0.203332 -0.768178 0.280752
v 0.199892 -0.761297 0.291341
v 0.199892 -0.761297 0.291341
v 0.192198 -0.761297 0.280752
v 0.188757 -0.758134 0.291341
v 0.199892 -0.761297 0.291341
v 0.203332 -0.768178 0.280752
v 0.192198 -0.761297 0.280752
v 0.203332 -0.768178 0.280752
v 0.194611 -0.769841 0.273325
v 0.192198 -0.761297 0.280752
v 0.192198 -0.761297 0.280752
v 0.179749 -0.761297 0.284797
v 0.188757 -0.758134 0.291341
v 0.192198 -0.761297 0.280752
v 0.183190 -0.768178 0.274207
v 0.179749 -0.761297 0.284797
v 0.183190 -0.768178 0.274207
v 0.173432 -0.769841 0.280207
v 0.179749 -0.761297 0.284797
v 0.179749 -0.761297 0.284797
v 0.179749 -0.761297 0.297886
v 0.188757 -0.758134 0.291341
v 0.179749 -0.761297 0.284797
v 0.170741 -0.768178 0.291341
v 0.179749 -0.761297 0.297886
v 0.170741 -0.768178 0.291341
v 0.173432 -0.769841 0.302476
v 0.179749 -0.761297 0.297886
v 0.179749 -0.761297 0.297886
v 0.192198 -0.761297 0.301931
v 0.188757 -0.758134 0.291341
v 0.179749 -0.761297 0.297886
v 0.183190 -0.768178 0.308475
v 0.192198 -0.761297 0.301931
v 0.183190 -0.768178 0.308475
v 0.194611 -0.769841 0.309357
v 0.192198 -0.761297 0.301931
v 0.192198 -0.761297 0.301931
v 0.199892 -0.761297 0.291341
v 0.188757 -0.758134 0.291341
v 0.192198 -0.761297 0.301931
v 0.203332 -0.768178 0.301931
v 0.199892 -0.761297 0.291341
v 0.203332 -0.768178 0.301931
v 0.207700 -0.769841 0.291341
v 0.199892 -0.761297 0.291341
v 0.208900 -0.779313 0.284797
v 0.203332 -0.768178 0.280752
v 0.207700 -0.769841 0.291341
v 0.208900 -0.779313 0.284797
v 0.201206 -0.779313 0.274207
v 0.203332 -0.768178 0.280752
v 0.201206 -0.779313 0.274207
v 0.194611 -0.769841 0.273325
v 0.203332 -0.768178 0.280752
v 0.188757 -0.779313 0.270162
v 0.183190 -0.768178 0.274207
v 0.194611 -0.769841 0.273325
v 0.188757 -0.779313 0.270162
v 0.176308 -0.779313 0.274207
v 0.183190 -0.768178 0.274207
v 0.176308 -0.779313 0.274207
v 0.173432 -0.769841 0.280207
v 0.183190 -0.768178 0.274207
v 0.168614 -0.779313 0.284797
v 0.170741 -0.768178 0.291341
v 0.173432 -0.769841 0.280207
v 0.168614 -0.779313 0.284797
v 0.168614 -0.779313 0.297886
v 0.170741 -0.768178 0.291341
v 0.168614 -0.779313 0.297886
v 0.173432 -0.769841 0.302476
v 0.170741 -0.768178 0.291341
v 0.176308 -0.779313 0.308476
v 0.183190 -0.768178 0.308475
v 0.173432 -0.769841 0.302476
v 0.176308 -0.779313 0.308476
v 0.188757 -0.779313 0.312520
v 0.183190 -0.768178 0.308475
v 0.188757 -0.779313 0.312520
v 0.194611 -0.769841 0.309357
v 0.183190 -0.768178 0.308475
v 0.201206 -0.779313 0.308476
v 0.203332 -0.768178 0.301931
v 0.194611 -0.769841 0.309357
v 0.201206 -0.779313 0.308476
v 0.208900 -0.779313 0.297886
v 0.203332 -0.768178 0.301931
v 0.208900 -0.779313 0.297886
v 0.207700 -0.769841 0.291341
v 0.203332 -0.768178 0.301931
v 0.201206 -0.779313 0.274207
v 0.188757 -0.779313 0.270162
v 0.194611 -0.769841 0.273325
v 0.201206 -0.779313 0.274207
v 0.194324 -0.790448 0.274207
v 0.188757 -0.779313 0.270162
v 0.194324 -0.790448 0.274207
v 0.182903 -0.788785 0.273325
v 0.188757 -0.779313 0.270162
v 0.176308 -0.779313 0.274207
v 0.168614 -0.779313 0.284797
v 0.173432 -0.769841 0.280207
v 0.176308 -0.779313 0.274207
v 0.174182 -0.790448 0.280752
v 0.168614 -0.779313 0.284797
v 0.174182 -0.790448 0.280752
v 0.169814 -0.788785 0.291341
v 0.168614 -0.779313 0.284797
v 0.168614 -0.779313 0.297886
v 0.176308 -0.779313 0.308476
v 0.173432 -0.769841 0.302476
v 0.168614 -0.779313 0.297886
v 0.174182 -0.790448 0.301931
v 0.176308 -0.779313 0.308476
v 0.174182 -0.790448 0.301931
v 0.182903 -0.788785 0.309357
v 0.176308 -0.779313 0.308476
v 0.188757 -0.779313 0.312520
v 0.201206 -0.779313 0.308476
v 0.194611 -0.769841 0.309357
v 0.188757 -0.779313 0.312520
v 0.194324 -0.790448 0.308475
v 0.201206 -0.779313 0.308476
v 0.194324 -0.790448 0.308475
v 0.204083 -0.788785 0.302476
v 0.201206 -0.779313 0.308476
v 0.208900 -0.779313 0.297886
v 0.208900 -0.779313 0.284797
v 0.207700 -0.769841 0.291341
v 0.208900 -0.779313 0.297886
v 0.206773 -0.790448 0.291341
v 0.208900 -0.779313 0.284797
v 0.206773 -0.790448 0.291341
v 0.204083 -0.788785 0.280207
v 0.208900 -0.779313 0.284797
v 0.197765 -0.797329 0.284797
v 0.194324 -0.790448 0.274207
v 0.204083 -0.788785 0.280207
v 0.197765 -0.797329 0.284797
v 0.185316 -0.797329 0.280752
v 0.194324 -0.790448 0.274207
v 0.185316 -0.797329 0.280752
v 0.182903 -0.788785 0.273325
v 0.194324 -0.790448 0.274207
v 0.185316 -0.797329 0.280752
v 0.174182 -0.790448 0.280752
v 0.182903 -0.788785 0.273325
v 0.185316 -0.797329 0.280752
v 0.177623 -0.797329 0.291341
v 0.174182 -0.790448 0.280752
v 0.177623 -0.797329 0.291341
v 0.169814 -0.788785 0.291341
v 0.174182 -0.790448 0.280752
v 0.177623 -0.797329 0.291341
v 0.174182 -0.790448 0.301931
v 0.169814 -0.788785 0.291341
v 0.177623 -0.797329 0.291341
v 0.185316 -0.797329 0.301931
v 0.174182 -0.790448 0.301931
v 0.185316 -0.797329 0.301931
v 0.182903 -0.788785 0.309357
v 0.174182 -0.790448 0.301931
v 0.206773 -0.790448 0.291341
v 0.197765 -0.797329 0.284797
v 0.204083 -0.788785 0.280207
v 0.206773 -0.790448 0.291341
v 0.197765 -0.797329 0.297886
v 0.197765 -0.797329 0.284797
v 0.197765 -0.797329 0.297886
v 0.188757 -0.800492 0.291341
v 0.197765 -0.797329 0.284797
v 0.185316 -0.797329 0.301931
v 0.194324 -0.790448 0.308475
v 0.182903 -0.788785 0.309357
v 0.185316 -0.797329 0.301931
v 0.197765 -0.797329 0.297886
v 0.194324 -0.790448 0.308475
v 0.197765 -0.797329 0.297886
v 0.204083 -0.788785 0.302476
v 0.194324 -0.790448 0.308475
vt 0.528712 0.321448
vt 0.545417 0.323968
vt 0.617856 0.277998
vt 0.094965 0.292598
vt 0.107916 0.257178
vt 0.079970 0.257967
vt 0.078630 0.229260
vt 0.060751 0.221778
vt 0.030655 0.234321
vt 0.058227 0.253623
vt 0.078630 0.229260
vt 0.037090 0.241198
vt 0.107916 0.257178
vt 0.121276 0.229589
vt 0.078630 0.229260
vt 0.158639 0.265905
vt 0.164588 0.239587
vt 0.121276 0.229589
vt 0.227825 0.826413
vt 0.222156 0.823655
vt 0.216399 0.836100
vt 0.141088 0.059584
vt 0.164472 0.080051
vt 0.181342 0.019020
vt 0.058967 0.279085
vt 0.079970 0.257967
vt 0.058227 0.253623
vt 0.058967 0.279085
vt 0.058227 0.253623
vt 0.029251 0.248298
vt 0.145086 0.314988
vt 0.158639 0.265905
vt 0.094965 0.292598
vt 0.582748 0.257883
vt 0.589403 0.273706
vt 0.617856 0.277998
vt 0.489541 0.315298
vt 0.461222 0.331816
vt 0.470026 0.360134
vt 0.470026 0.360134
vt 0.476945 0.357852
vt 0.489541 0.315298
vt 0.528712 0.321448
vt 0.501577 0.341934
vt 0.503671 0.346354
vt 0.503671 0.346354
vt 0.545417 0.323968
vt 0.528712 0.321448
vt 0.403832 0.769362
vt 0.330192 0.755134
vt 0.361770 0.822499
vt 0.209544 0.822971
vt 0.191780 0.819921
vt 0.191077 0.840520
vt 0.887060 0.321965
vt 0.893335 0.341729
vt 0.956672 0.284178
vt 0.889693 0.300149
vt 0.887060 0.321965
vt 0.956672 0.284178
vt 0.826098 0.209987
vt 0.898001 0.262301
vt 0.954315 0.263640
vt 0.898001 0.262301
vt 0.889693 0.300149
vt 0.956672 0.284178
vt 0.459861 0.327021
vt 0.456221 0.310730
vt 0.354548 0.362048
vt 0.589403 0.273706
vt 0.528712 0.321448
vt 0.617856 0.277998
vt 0.233251 0.373070
vt 0.255912 0.372914
vt 0.254498 0.342030
vt 0.094965 0.292598
vt 0.158639 0.265905
vt 0.107916 0.257178
vt 0.058967 0.279085
vt 0.094965 0.292598
vt 0.079970 0.257967
vt 0.037090 0.241198
vt 0.078630 0.229260
vt 0.030655 0.234321
vt 0.058227 0.253623
vt 0.079970 0.257967
vt 0.078630 0.229260
vt 0.029251 0.248298
vt 0.058227 0.253623
vt 0.037090 0.241198
vt 0.079970 0.257967
vt 0.107916 0.257178
vt 0.078630 0.229260
vt 0.200424 0.300006
vt 0.254498 0.342030
vt 0.201686 0.281329
vt 0.107916 0.257178
vt 0.158639 0.265905
vt 0.121276 0.229589
vt 0.489541 0.315298
vt 0.476945 0.357852
vt 0.496252 0.328828
vt 0.233251 0.373070
vt 0.294471 0.411706
vt 0.255912 0.372914
vt 0.605231 0.257520
vt 0.582748 0.257883
vt 0.617856 0.277998
vt 0.459861 0.327021
vt 0.461222 0.331816
vt 0.489541 0.315298
vt 0.496252 0.328828
vt 0.476945 0.357852
vt 0.501577 0.341934
vt 0.222156 0.823655
vt 0.236315 0.794637
vt 0.209544 0.822971
vt 0.955617 0.247882
vt 0.826098 0.209987
vt 0.954315 0.263640
vt 0.956672 0.284178
vt 0.893335 0.341729
vt 0.963504 0.298096
vt 0.954315 0.263640
vt 0.898001 0.262301
vt 0.956672 0.284178
vt 0.972489 0.285445
vt 0.965698 0.251815
vt 0.954315 0.263640
vt 0.956672 0.284178
vt 0.972489 0.285445
vt 0.954315 0.263640
vt 0.126418 0.646409
vt 0.033828 0.610887
vt 0.110013 0.650536
vt 0.254498 0.342030
vt 0.200424 0.300006
vt 0.184359 0.338639
vt 0.184359 0.338639
vt 0.233251 0.373070
vt 0.254498 0.342030
vt 0.555442 0.578179
vt 0.567227 0.542381
vt 0.539361 0.544121
vt 0.565967 0.513709
vt 0.614138 0.514409
vt 0.583073 0.504652
vt 0.588459 0.536097
vt 0.608360 0.521829
vt 0.565967 0.513709
vt 0.539361 0.544121
vt 0.565967 0.513709
vt 0.523582 0.517888
vt 0.489702 0.557384
vt 0.523582 0.517888
vt 0.481408 0.531745
vt 0.882624 0.510382
vt 0.893670 0.520500
vt 0.888394 0.507844
vt 0.107088 0.076135
vt 0.077319 0.027354
vt 0.079601 0.090633
vt 0.590024 0.561487
vt 0.588459 0.536097
vt 0.567227 0.542381
vt 0.590024 0.561487
vt 0.616797 0.528183
vt 0.588459 0.536097
vt 0.507616 0.604975
vt 0.555442 0.578179
vt 0.489702 0.557384
vt 0.066140 0.588067
vt 0.033828 0.610887
vt 0.061105 0.604582
vt 0.181402 0.677806
vt 0.188498 0.679435
vt 0.194635 0.650439
vt 0.194635 0.650439
vt 0.164903 0.636611
vt 0.181402 0.677806
vt 0.110013 0.650536
vt 0.153736 0.668858
vt 0.155406 0.664261
vt 0.155406 0.664261
vt 0.126418 0.646409
vt 0.110013 0.650536
vt 0.885927 0.762861
vt 0.922931 0.819636
vt 0.960563 0.755457
vt 0.901023 0.507643
vt 0.918805 0.525886
vt 0.918891 0.505276
vt 0.756556 0.140900
vt 0.686639 0.103820
vt 0.750468 0.160702
vt 0.753721 0.119125
vt 0.686639 0.103820
vt 0.756556 0.140900
vt 0.816399 0.028327
vt 0.688788 0.083282
vt 0.745046 0.081376
vt 0.745046 0.081376
vt 0.686639 0.103820
vt 0.753721 0.119125
vt 0.195548 0.645539
vt 0.303588 0.670748
vt 0.197670 0.628982
vt 0.061105 0.604582
vt 0.033828 0.610887
vt 0.126418 0.646409
vt 0.425179 0.670709
vt 0.401242 0.641758
vt 0.402627 0.672603
vt 0.555442 0.578179
vt 0.539361 0.544121
vt 0.489702 0.557384
vt 0.590024 0.561487
vt 0.567227 0.542381
vt 0.555442 0.578179
vt 0.608360 0.521829
vt 0.614138 0.514409
vt 0.565967 0.513709
vt 0.588459 0.536097
vt 0.565967 0.513709
vt 0.567227 0.542381
vt 0.616797 0.528183
vt 0.608360 0.521829
vt 0.588459 0.536097
vt 0.567227 0.542381
vt 0.565967 0.513709
vt 0.539361 0.544121
vt 0.451225 0.595075
vt 0.448282 0.576614
vt 0.401242 0.641758
vt 0.539361 0.544121
vt 0.523582 0.517888
vt 0.489702 0.557384
vt 0.164903 0.636611
vt 0.159481 0.650713
vt 0.181402 0.677806
vt 0.425179 0.670709
vt 0.402627 0.672603
vt 0.367783 0.714668
vt 0.044268 0.589202
vt 0.033828 0.610887
vt 0.066140 0.588067
vt 0.195548 0.645539
vt 0.164903 0.636611
vt 0.194635 0.650439
vt 0.159481 0.650713
vt 0.126418 0.646409
vt 0.155406 0.664261
vt 0.888394 0.507844
vt 0.901023 0.507643
vt 0.875357 0.478305
vt 0.687323 0.067543
vt 0.688788 0.083282
vt 0.816399 0.028327
vt 0.686639 0.103820
vt 0.679948 0.117791
vt 0.750468 0.160702
vt 0.688788 0.083282
vt 0.686639 0.103820
vt 0.745046 0.081376
vt 0.670852 0.105244
vt 0.688788 0.083282
vt 0.677299 0.071583
vt 0.686639 0.103820
vt 0.688788 0.083282
vt 0.670852 0.105244
vt 0.401242 0.641758
vt 0.425179 0.670709
vt 0.470694 0.632047
vt 0.470694 0.632047
vt 0.451225 0.595075
vt 0.401242 0.641758
vt 0.222156 0.823655
vt 0.227825 0.826413
vt 0.261498 0.799320
vt 0.261498 0.799320
vt 0.236315 0.794637
vt 0.222156 0.823655
vt 0.209544 0.822971
vt 0.191077 0.840520
vt 0.216399 0.836100
vt 0.216399 0.836100
vt 0.222156 0.823655
vt 0.209544 0.822971
vt 0.888394 0.507844
vt 0.875357 0.478305
vt 0.850013 0.482020
vt 0.850013 0.482020
vt 0.882624 0.510382
vt 0.888394 0.507844
vt 0.191780 0.819921
vt 0.209544 0.822971
vt 0.236315 0.794637
vt 0.236315 0.794637
vt 0.191854 0.803687
vt 0.191780 0.819921
vt 0.918891 0.505276
vt 0.919439 0.489051
vt 0.875357 0.478305
vt 0.875357 0.478305
vt 0.901023 0.507643
vt 0.918891 0.505276
vt 0.901023 0.507643
vt 0.888394 0.507844
vt 0.893670 0.520500
vt 0.893670 0.520500
vt 0.918805 0.525886
vt 0.901023 0.507643
vt 0.197670 0.628982
vt 0.167983 0.616930
vt 0.164903 0.636611
vt 0.164903 0.636611
vt 0.195548 0.645539
vt 0.197670 0.628982
vt 0.322004 0.700951
vt 0.194635 0.650439
vt 0.188498 0.679435
vt 0.194635 0.650439
vt 0.322004 0.700951
vt 0.303588 0.670748
vt 0.303588 0.670748
vt 0.195548 0.645539
vt 0.194635 0.650439
vt 0.456221 0.310730
vt 0.459861 0.327021
vt 0.489541 0.315298
vt 0.489541 0.315298
vt 0.484655 0.296005
vt 0.456221 0.310730
vt 0.338971 0.393834
vt 0.470026 0.360134
vt 0.461222 0.331816
vt 0.461222 0.331816
vt 0.459861 0.327021
vt 0.354548 0.362048
vt 0.354548 0.362048
vt 0.338971 0.393834
vt 0.461222 0.331816
vt 0.476945 0.357852
vt 0.503671 0.346354
vt 0.501577 0.341934
vt 0.181402 0.677806
vt 0.155406 0.664261
vt 0.153736 0.668858
vt 0.181402 0.677806
vt 0.159481 0.650713
vt 0.155406 0.664261
vt 0.528712 0.321448
vt 0.496252 0.328828
vt 0.501577 0.341934
vt 0.448282 0.576614
vt 0.451225 0.595075
vt 0.489702 0.557384
vt 0.489702 0.557384
vt 0.481408 0.531745
vt 0.448282 0.576614
vt 0.451225 0.595075
vt 0.470694 0.632047
vt 0.507616 0.604975
vt 0.507616 0.604975
vt 0.489702 0.557384
vt 0.451225 0.595075
vt 0.201686 0.281329
vt 0.164588 0.239587
vt 0.158639 0.265905
vt 0.158639 0.265905
vt 0.200424 0.300006
vt 0.201686 0.281329
vt 0.200424 0.300006
vt 0.158639 0.265905
vt 0.145086 0.314988
vt 0.145086 0.314988
vt 0.184359 0.338639
vt 0.200424 0.300006
vt 0.694967 0.291845
vt 0.687308 0.313241
vt 0.733904 0.340159
vt 0.743140 0.310079
vt 0.694967 0.291845
vt 0.733904 0.340159
vt 0.354548 0.362048
vt 0.456221 0.310730
vt 0.454811 0.303972
vt 0.454811 0.303972
vt 0.349187 0.331285
vt 0.354548 0.362048
vt 0.464885 0.131168
vt 0.445683 0.132733
vt 0.446850 0.171706
vt 0.446850 0.171706
vt 0.512752 0.192370
vt 0.464885 0.131168
vt 0.573536 0.198329
vt 0.574827 0.227872
vt 0.597174 0.230460
vt 0.512752 0.192370
vt 0.518630 0.235847
vt 0.574827 0.227872
vt 0.574827 0.227872
vt 0.582748 0.257883
vt 0.605231 0.257520
vt 0.129255 0.773212
vt 0.107943 0.756665
vt 0.105387 0.795829
vt 0.265346 0.205758
vt 0.261257 0.142820
vt 0.206315 0.134178
vt 0.274964 0.242281
vt 0.265346 0.205758
vt 0.207668 0.181402
vt 0.169534 0.202744
vt 0.207668 0.181402
vt 0.160463 0.158764
vt 0.164588 0.239587
vt 0.169534 0.202744
vt 0.132463 0.196923
vt 0.160463 0.158764
vt 0.158570 0.134134
vt 0.107066 0.150705
vt 0.207668 0.181402
vt 0.206315 0.134178
vt 0.158570 0.134134
vt 0.121276 0.229589
vt 0.132463 0.196923
vt 0.078630 0.229260
vt 0.198055 0.102917
vt 0.228311 0.067325
vt 0.181342 0.019020
vt 0.132463 0.196923
vt 0.117898 0.173255
vt 0.075938 0.202017
vt 0.060751 0.221778
vt 0.062416 0.197451
vt 0.030655 0.234321
vt 0.078630 0.229260
vt 0.075938 0.202017
vt 0.060751 0.221778
vt 0.201686 0.281329
vt 0.203084 0.267029
vt 0.164588 0.239587
vt 0.164472 0.080051
vt 0.198055 0.102917
vt 0.181342 0.019020
vt 0.228311 0.067325
vt 0.238482 0.019921
vt 0.181342 0.019020
vt 0.684233 0.265435
vt 0.694967 0.291845
vt 0.743140 0.310079
vt 0.545660 0.725261
vt 0.491614 0.768472
vt 0.492100 0.793837
vt 0.743140 0.310079
vt 0.733904 0.340159
vt 0.820788 0.326745
vt 0.117898 0.173255
vt 0.107066 0.150705
vt 0.075938 0.202017
vt 0.346364 0.208937
vt 0.340818 0.144596
vt 0.296757 0.141949
vt 0.525135 0.132409
vt 0.512752 0.192370
vt 0.573536 0.198329
vt 0.589525 0.153970
vt 0.573536 0.198329
vt 0.612526 0.176636
vt 0.606070 0.746751
vt 0.545660 0.725261
vt 0.528355 0.814857
vt 0.491614 0.768472
vt 0.477927 0.783491
vt 0.480304 0.795216
vt 0.606070 0.781741
vt 0.606070 0.746751
vt 0.558271 0.841113
vt 0.330192 0.755134
vt 0.313322 0.760157
vt 0.344915 0.825226
vt 0.559314 0.888578
vt 0.554965 0.889007
vt 0.554287 0.905178
vt 0.359912 0.883072
vt 0.378622 0.869666
vt 0.369783 0.869466
vt 0.445649 0.779831
vt 0.435696 0.765286
vt 0.378622 0.869666
vt 0.350633 0.866996
vt 0.345899 0.866052
vt 0.345852 0.884076
vt 0.365978 0.869269
vt 0.360811 0.869187
vt 0.359912 0.883072
vt 0.492100 0.793837
vt 0.480304 0.795216
vt 0.522147 0.868578
vt 0.528355 0.814857
vt 0.492100 0.793837
vt 0.522147 0.868578
vt 0.369783 0.869466
vt 0.365978 0.869269
vt 0.359912 0.883072
vt 0.105387 0.795829
vt 0.091248 0.793404
vt 0.102837 0.851103
vt 0.191077 0.840520
vt 0.174763 0.824458
vt 0.176439 0.880677
vt 0.810900 0.440936
vt 0.799411 0.414575
vt 0.780784 0.477234
vt 0.780784 0.477234
vt 0.796704 0.477067
vt 0.810900 0.440936
vt 0.191854 0.803687
vt 0.161937 0.808662
vt 0.174763 0.824458
vt 0.129255 0.793987
vt 0.105387 0.795829
vt 0.118938 0.847228
vt 0.706700 0.211608
vt 0.675606 0.247320
vt 0.728737 0.249319
vt 0.743140 0.310079
vt 0.819599 0.304274
vt 0.735962 0.278865
vt 0.958906 0.082587
vt 0.967307 0.064404
vt 0.914292 0.066872
vt 0.914292 0.066872
vt 0.907370 0.096490
vt 0.958906 0.082587
vt 0.817102 0.256054
vt 0.819599 0.304274
vt 0.889693 0.300149
vt 0.820788 0.326745
vt 0.822651 0.357528
vt 0.893335 0.341729
vt 0.819599 0.304274
vt 0.820788 0.326745
vt 0.887060 0.321965
vt 0.817250 0.238260
vt 0.817102 0.256054
vt 0.898001 0.262301
vt 0.826098 0.209987
vt 0.817250 0.238260
vt 0.898001 0.262301
vt 0.445649 0.779831
vt 0.449313 0.769136
vt 0.435696 0.765286
vt 0.464885 0.131168
vt 0.512752 0.192370
vt 0.525135 0.132409
vt 0.601052 0.211402
vt 0.573536 0.198329
vt 0.597174 0.230460
vt 0.612526 0.176636
vt 0.573536 0.198329
vt 0.601052 0.211402
vt 0.573536 0.198329
vt 0.512752 0.192370
vt 0.574827 0.227872
vt 0.265346 0.205758
vt 0.296757 0.141949
vt 0.261257 0.142820
vt 0.597174 0.230460
vt 0.574827 0.227872
vt 0.605231 0.257520
vt 0.207668 0.181402
vt 0.265346 0.205758
vt 0.206315 0.134178
vt 0.206710 0.217292
vt 0.274964 0.242281
vt 0.207668 0.181402
vt 0.129255 0.793987
vt 0.129255 0.773212
vt 0.105387 0.795829
vt 0.121276 0.229589
vt 0.164588 0.239587
vt 0.132463 0.196923
vt 0.160463 0.158764
vt 0.207668 0.181402
vt 0.158570 0.134134
vt 0.075938 0.202017
vt 0.107066 0.150705
vt 0.062416 0.197451
vt 0.078630 0.229260
vt 0.132463 0.196923
vt 0.075938 0.202017
vt 0.060751 0.221778
vt 0.075938 0.202017
vt 0.062416 0.197451
vt 0.105387 0.795829
vt 0.107943 0.756665
vt 0.091248 0.793404
vt 0.239101 0.829976
vt 0.261498 0.799320
vt 0.227825 0.826413
vt 0.454811 0.303972
vt 0.450842 0.269404
vt 0.349187 0.331285
vt 0.706700 0.211608
vt 0.659328 0.213908
vt 0.675606 0.247320
vt 0.528355 0.814857
vt 0.545660 0.725261
vt 0.492100 0.793837
vt 0.819599 0.304274
vt 0.743140 0.310079
vt 0.820788 0.326745
vt 0.117898 0.173255
vt 0.160463 0.158764
vt 0.107066 0.150705
vt 0.305866 0.207430
vt 0.346364 0.208937
vt 0.296757 0.141949
vt 0.589525 0.153970
vt 0.525135 0.132409
vt 0.573536 0.198329
vt 0.558271 0.841113
vt 0.606070 0.746751
vt 0.528355 0.814857
vt 0.446850 0.171706
vt 0.448023 0.196573
vt 0.512752 0.192370
vt 0.492100 0.793837
vt 0.491614 0.768472
vt 0.480304 0.795216
vt 0.572909 0.846202
vt 0.606070 0.781741
vt 0.558271 0.841113
vt 0.361770 0.822499
vt 0.330192 0.755134
vt 0.344915 0.825226
vt 0.378622 0.869666
vt 0.435696 0.765286
vt 0.369783 0.869466
vt 0.191780 0.819921
vt 0.191854 0.803687
vt 0.174763 0.824458
vt 0.102837 0.851103
vt 0.091248 0.793404
vt 0.075272 0.816498
vt 0.817250 0.238260
vt 0.706700 0.211608
vt 0.817102 0.256054
vt 0.820788 0.326745
vt 0.733904 0.340159
vt 0.822651 0.357528
vt 0.826098 0.209987
vt 0.706700 0.211608
vt 0.817250 0.238260
vt 0.817102 0.256054
vt 0.706700 0.211608
vt 0.728737 0.249319
vt 0.898001 0.262301
vt 0.817102 0.256054
vt 0.889693 0.300149
vt 0.887060 0.321965
vt 0.820788 0.326745
vt 0.893335 0.341729
vt 0.889693 0.300149
vt 0.819599 0.304274
vt 0.887060 0.321965
vt 0.948191 0.108940
vt 0.909806 0.158015
vt 0.955817 0.130303
vt 0.900481 0.127959
vt 0.909806 0.158015
vt 0.948191 0.108940
vt 0.306104 0.639646
vt 0.198454 0.622122
vt 0.197670 0.628982
vt 0.197670 0.628982
vt 0.303588 0.670748
vt 0.306104 0.639646
vt 0.130586 0.516044
vt 0.194453 0.489634
vt 0.192163 0.450751
vt 0.192163 0.450751
vt 0.172928 0.450894
vt 0.130586 0.516044
vt 0.335518 0.545494
vt 0.328815 0.631634
vt 0.394715 0.608354
vt 0.394715 0.608354
vt 0.371866 0.544398
vt 0.335518 0.545494
vt 0.070232 0.527200
vt 0.049873 0.561453
vt 0.071397 0.557086
vt 0.130586 0.516044
vt 0.071397 0.557086
vt 0.128547 0.560014
vt 0.071397 0.557086
vt 0.044268 0.589202
vt 0.066140 0.588067
vt 0.711391 0.472282
vt 0.740089 0.488332
vt 0.727977 0.451001
vt 0.378134 0.507200
vt 0.430386 0.430673
vt 0.376521 0.444228
vt 0.371866 0.544398
vt 0.433304 0.477765
vt 0.378134 0.507200
vt 0.473160 0.495548
vt 0.478210 0.450986
vt 0.433304 0.477765
vt 0.274964 0.242281
vt 0.206710 0.217292
vt 0.203084 0.267029
vt 0.203084 0.267029
vt 0.257980 0.308127
vt 0.274964 0.242281
vt 0.481408 0.531745
vt 0.509505 0.486410
vt 0.473160 0.495548
vt 0.478210 0.450986
vt 0.530590 0.438148
vt 0.477868 0.426319
vt 0.433304 0.477765
vt 0.477868 0.426319
vt 0.430386 0.430673
vt 0.523582 0.517888
vt 0.565967 0.513709
vt 0.509505 0.486410
vt 0.041636 0.105103
vt 0.077319 0.027354
vt 0.020443 0.063473
vt 0.509505 0.486410
vt 0.566183 0.486370
vt 0.521854 0.461555
vt 0.583073 0.504652
vt 0.614138 0.514409
vt 0.579220 0.480608
vt 0.565967 0.513709
vt 0.583073 0.504652
vt 0.566183 0.486370
vt 0.448282 0.576614
vt 0.481408 0.531745
vt 0.445599 0.562517
vt 0.079601 0.090633
vt 0.077319 0.027354
vt 0.041636 0.105103
vt 0.020443 0.063473
vt 0.077319 0.027354
vt 0.021523 0.015003
vt 0.958906 0.082587
vt 0.900481 0.127959
vt 0.948191 0.108940
vt 0.746856 0.723717
vt 0.800415 0.792293
vt 0.800901 0.766927
vt 0.900481 0.127959
vt 0.822843 0.145106
vt 0.909806 0.158015
vt 0.521854 0.461555
vt 0.566183 0.486370
vt 0.530590 0.438148
vt 0.297821 0.517675
vt 0.341134 0.446565
vt 0.297547 0.453167
vt 0.113131 0.457350
vt 0.070232 0.527200
vt 0.130586 0.516044
vt 0.050767 0.484085
vt 0.030339 0.509039
vt 0.070232 0.527200
vt 0.686446 0.745206
vt 0.764161 0.813313
vt 0.746856 0.723717
vt 0.800901 0.766927
vt 0.812212 0.793672
vt 0.814588 0.781947
vt 0.686446 0.780196
vt 0.734244 0.839568
vt 0.686446 0.745206
vt 0.960563 0.755457
vt 0.939464 0.823901
vt 0.976901 0.762008
vt 0.733201 0.887033
vt 0.738228 0.903634
vt 0.737550 0.887462
vt 0.843325 0.769444
vt 0.901818 0.865057
vt 0.854572 0.755875
vt 0.929933 0.864968
vt 0.933125 0.882416
vt 0.934735 0.864463
vt 0.914445 0.865823
vt 0.919217 0.880124
vt 0.919597 0.866215
vt 0.800415 0.792293
vt 0.770368 0.867034
vt 0.812212 0.793672
vt 0.764161 0.813313
vt 0.770368 0.867034
vt 0.800415 0.792293
vt 0.910637 0.865669
vt 0.919217 0.880124
vt 0.914445 0.865823
vt 0.740089 0.488332
vt 0.756159 0.541280
vt 0.753197 0.482503
vt 0.918805 0.525886
vt 0.931893 0.566575
vt 0.935721 0.510462
vt 0.919439 0.489051
vt 0.935721 0.510462
vt 0.949143 0.495169
vt 0.716502 0.492419
vt 0.739600 0.541486
vt 0.740089 0.488332
vt 0.935775 0.028327
vt 0.825945 0.074295
vt 0.914292 0.066872
vt 0.907370 0.096490
vt 0.823869 0.122625
vt 0.900481 0.127959
vt 0.735962 0.278865
vt 0.819599 0.304274
vt 0.817102 0.256054
vt 0.817102 0.256054
vt 0.728737 0.249319
vt 0.735962 0.278865
vt 0.825945 0.074295
vt 0.753721 0.119125
vt 0.823869 0.122625
vt 0.822843 0.145106
vt 0.750468 0.160702
vt 0.821204 0.175891
vt 0.823869 0.122625
vt 0.756556 0.140900
vt 0.822843 0.145106
vt 0.825583 0.056489
vt 0.745046 0.081376
vt 0.825945 0.074295
vt 0.816399 0.028327
vt 0.745046 0.081376
vt 0.825583 0.056489
vt 0.843325 0.769444
vt 0.854572 0.755875
vt 0.840659 0.758457
vt 0.172928 0.450894
vt 0.113131 0.457350
vt 0.130586 0.516044
vt 0.044452 0.542770
vt 0.049873 0.561453
vt 0.070232 0.527200
vt 0.030339 0.509039
vt 0.044452 0.542770
vt 0.070232 0.527200
vt 0.070232 0.527200
vt 0.071397 0.557086
vt 0.130586 0.516044
vt 0.378134 0.507200
vt 0.376521 0.444228
vt 0.341134 0.446565
vt 0.049873 0.561453
vt 0.044268 0.589202
vt 0.071397 0.557086
vt 0.433304 0.477765
vt 0.430386 0.430673
vt 0.378134 0.507200
vt 0.433304 0.477765
vt 0.371866 0.544398
vt 0.437498 0.513376
vt 0.716502 0.492419
vt 0.740089 0.488332
vt 0.711391 0.472282
vt 0.523582 0.517888
vt 0.509505 0.486410
vt 0.481408 0.531745
vt 0.478210 0.450986
vt 0.477868 0.426319
vt 0.433304 0.477765
vt 0.566183 0.486370
vt 0.579220 0.480608
vt 0.530590 0.438148
vt 0.565967 0.513709
vt 0.566183 0.486370
vt 0.509505 0.486410
vt 0.583073 0.504652
vt 0.579220 0.480608
vt 0.566183 0.486370
vt 0.740089 0.488332
vt 0.753197 0.482503
vt 0.727977 0.451001
vt 0.871220 0.513511
vt 0.882624 0.510382
vt 0.850013 0.482020
vt 0.198454 0.622122
vt 0.306104 0.639646
vt 0.199241 0.587327
vt 0.935775 0.028327
vt 0.967307 0.064404
vt 0.983036 0.030817
vt 0.764161 0.813313
vt 0.800415 0.792293
vt 0.746856 0.723717
vt 0.823869 0.122625
vt 0.822843 0.145106
vt 0.900481 0.127959
vt 0.521854 0.461555
vt 0.530590 0.438148
vt 0.478210 0.450986
vt 0.341134 0.446565
vt 0.297821 0.517675
vt 0.337977 0.512521
vt 0.050767 0.484085
vt 0.070232 0.527200
vt 0.113131 0.457350
vt 0.734244 0.839568
vt 0.764161 0.813313
vt 0.686446 0.745206
vt 0.194453 0.489634
vt 0.130586 0.516044
vt 0.195500 0.514502
vt 0.800415 0.792293
vt 0.812212 0.793672
vt 0.800901 0.766927
vt 0.719606 0.844658
vt 0.734244 0.839568
vt 0.686446 0.780196
vt 0.922931 0.819636
vt 0.939464 0.823901
vt 0.960563 0.755457
vt 0.901818 0.865057
vt 0.919217 0.880124
vt 0.910637 0.865669
vt 0.935721 0.510462
vt 0.919439 0.489051
vt 0.918891 0.505276
vt 0.756159 0.541280
vt 0.774364 0.500957
vt 0.753197 0.482503
vt 0.825583 0.056489
vt 0.825945 0.074295
vt 0.935775 0.028327
vt 0.822843 0.145106
vt 0.821204 0.175891
vt 0.909806 0.158015
vt 0.816399 0.028327
vt 0.825583 0.056489
vt 0.935775 0.028327
vt 0.907370 0.096490
vt 0.914292 0.066872
vt 0.825945 0.074295
vt 0.825945 0.074295
vt 0.823869 0.122625
vt 0.907370 0.096490
vt 0.745046 0.081376
vt 0.753721 0.119125
vt 0.825945 0.074295
vt 0.756556 0.140900
vt 0.750468 0.160702
vt 0.822843 0.145106
vt 0.753721 0.119125
vt 0.756556 0.140900
vt 0.823869 0.122625
vt 0.365978 0.869269
vt 0.369783 0.869466
vt 0.435696 0.765286
vt 0.435696 0.765286
vt 0.403832 0.769362
vt 0.365978 0.869269
vt 0.297821 0.517675
vt 0.195500 0.514502
vt 0.197893 0.553192
vt 0.197893 0.553192
vt 0.299584 0.546541
vt 0.297821 0.517675
vt 0.349187 0.331285
vt 0.450842 0.269404
vt 0.449099 0.235305
vt 0.449099 0.235305
vt 0.347218 0.237866
vt 0.349187 0.331285
vt 0.727977 0.451001
vt 0.753197 0.482503
vt 0.746572 0.441970
vt 0.299584 0.546541
vt 0.197893 0.553192
vt 0.199241 0.587327
vt 0.199241 0.587327
vt 0.306104 0.639646
vt 0.299584 0.546541
vt 0.346364 0.208937
vt 0.347218 0.237866
vt 0.449099 0.235305
vt 0.449099 0.235305
vt 0.448023 0.196573
vt 0.346364 0.208937
vt 0.025092 0.767310
vt 0.047741 0.798838
vt 0.063212 0.795084
vt 0.063212 0.795084
vt 0.029743 0.738933
vt 0.025092 0.767310
vt 0.753197 0.482503
vt 0.774364 0.500957
vt 0.780784 0.477234
vt 0.882624 0.510382
vt 0.871220 0.513511
vt 0.879406 0.527169
vt 0.879406 0.527169
vt 0.893670 0.520500
vt 0.882624 0.510382
vt 0.227825 0.826413
vt 0.216399 0.836100
vt 0.230398 0.843311
vt 0.230398 0.843311
vt 0.239101 0.829976
vt 0.227825 0.826413
vt 0.047741 0.798838
vt 0.057058 0.812209
vt 0.075272 0.816498
vt 0.075272 0.816498
vt 0.063212 0.795084
vt 0.047741 0.798838
vt 0.796704 0.477067
vt 0.780784 0.477234
vt 0.774364 0.500957
vt 0.774364 0.500957
vt 0.790962 0.492319
vt 0.796704 0.477067
vt 0.191077 0.840520
vt 0.191780 0.819921
vt 0.174763 0.824458
vt 0.918805 0.525886
vt 0.935721 0.510462
vt 0.918891 0.505276
vt 0.091248 0.793404
vt 0.063212 0.795084
vt 0.075272 0.816498
vt 0.063212 0.795084
vt 0.091248 0.793404
vt 0.087698 0.752487
vt 0.087698 0.752487
vt 0.029743 0.738933
vt 0.063212 0.795084
vt 0.311303 0.240080
vt 0.274964 0.242281
vt 0.257980 0.308127
vt 0.257980 0.308127
vt 0.325812 0.325361
vt 0.311303 0.240080
vt 0.325812 0.325361
vt 0.349187 0.331285
vt 0.347218 0.237866
vt 0.347218 0.237866
vt 0.311303 0.240080
vt 0.325812 0.325361
vt 0.305866 0.207430
vt 0.311303 0.240080
vt 0.347218 0.237866
vt 0.347218 0.237866
vt 0.346364 0.208937
vt 0.305866 0.207430
vt 0.337977 0.512521
vt 0.335518 0.545494
vt 0.371866 0.544398
vt 0.371866 0.544398
vt 0.378134 0.507200
vt 0.337977 0.512521
vt 0.799411 0.414575
vt 0.746572 0.441970
vt 0.753197 0.482503
vt 0.753197 0.482503
vt 0.780784 0.477234
vt 0.799411 0.414575
vt 0.107943 0.756665
vt 0.087698 0.752487
vt 0.091248 0.793404
vt 0.337977 0.512521
vt 0.297821 0.517675
vt 0.299584 0.546541
vt 0.299584 0.546541
vt 0.335518 0.545494
vt 0.337977 0.512521
vt 0.378134 0.507200
vt 0.341134 0.446565
vt 0.337977 0.512521
vt 0.265346 0.205758
vt 0.305866 0.207430
vt 0.296757 0.141949
vt 0.305866 0.207430
vt 0.265346 0.205758
vt 0.274964 0.242281
vt 0.274964 0.242281
vt 0.311303 0.240080
vt 0.305866 0.207430
vt 0.335518 0.545494
vt 0.299584 0.546541
vt 0.306104 0.639646
vt 0.306104 0.639646
vt 0.328815 0.631634
vt 0.335518 0.545494
vt 0.345899 0.866052
vt 0.350633 0.866996
vt 0.361770 0.822499
vt 0.361770 0.822499
vt 0.344915 0.825226
vt 0.345899 0.866052
vt 0.360811 0.869187
vt 0.365978 0.869269
vt 0.403832 0.769362
vt 0.403832 0.769362
vt 0.361770 0.822499
vt 0.360811 0.869187
vt 0.554965 0.889007
vt 0.559314 0.888578
vt 0.572909 0.846202
vt 0.572909 0.846202
vt 0.558271 0.841113
vt 0.554965 0.889007
vt 0.737550 0.887462
vt 0.734244 0.839568
vt 0.719606 0.844658
vt 0.719606 0.844658
vt 0.733201 0.887033
vt 0.737550 0.887462
vt 0.934735 0.864463
vt 0.939464 0.823901
vt 0.922931 0.819636
vt 0.922931 0.819636
vt 0.929933 0.864968
vt 0.934735 0.864463
vt 0.734244 0.839568
vt 0.746839 0.890722
vt 0.764161 0.813313
vt 0.558271 0.841113
vt 0.528355 0.814857
vt 0.545676 0.892266
vt 0.914445 0.865823
vt 0.885927 0.762861
vt 0.854572 0.755875
vt 0.854572 0.755875
vt 0.910637 0.865669
vt 0.914445 0.865823
vt 0.919597 0.866215
vt 0.922931 0.819636
vt 0.885927 0.762861
vt 0.885927 0.762861
vt 0.914445 0.865823
vt 0.919597 0.866215
vt 0.854572 0.755875
vt 0.901818 0.865057
vt 0.910637 0.865669
vt 0.684233 0.265435
vt 0.735962 0.278865
vt 0.728737 0.249319
vt 0.728737 0.249319
vt 0.675606 0.247320
vt 0.684233 0.265435
vt 0.967307 0.064404
vt 0.935775 0.028327
vt 0.914292 0.066872
vt 0.958906 0.082587
vt 0.907370 0.096490
vt 0.900481 0.127959
vt 0.684233 0.265435
vt 0.743140 0.310079
vt 0.735962 0.278865
vt 0.297547 0.453167
vt 0.192163 0.450751
vt 0.194453 0.489634
vt 0.340818 0.144596
vt 0.446850 0.171706
vt 0.445683 0.132733
vt 0.448023 0.196573
vt 0.446850 0.171706
vt 0.340818 0.144596
vt 0.340818 0.144596
vt 0.346364 0.208937
vt 0.448023 0.196573
vt 0.448023 0.196573
vt 0.449099 0.235305
vt 0.518630 0.235847
vt 0.518630 0.235847
vt 0.512752 0.192370
vt 0.448023 0.196573
vt 0.450842 0.269404
vt 0.454811 0.303972
vt 0.484655 0.296005
vt 0.484655 0.296005
vt 0.518630 0.235847
vt 0.450842 0.269404
vt 0.518630 0.235847
vt 0.449099 0.235305
vt 0.450842 0.269404
vt 0.484655 0.296005
vt 0.454811 0.303972
vt 0.456221 0.310730
vt 0.128547 0.560014
vt 0.199241 0.587327
vt 0.197893 0.553192
vt 0.195500 0.514502
vt 0.297821 0.517675
vt 0.297547 0.453167
vt 0.297547 0.453167
vt 0.194453 0.489634
vt 0.195500 0.514502
vt 0.195500 0.514502
vt 0.130586 0.516044
vt 0.128547 0.560014
vt 0.128547 0.560014
vt 0.197893 0.553192
vt 0.195500 0.514502
vt 0.167983 0.616930
vt 0.197670 0.628982
vt 0.198454 0.622122
vt 0.199241 0.587327
vt 0.128547 0.560014
vt 0.167983 0.616930
vt 0.167983 0.616930
vt 0.198454 0.622122
vt 0.199241 0.587327
vt 0.371866 0.544398
vt 0.394715 0.608354
vt 0.445599 0.562517
vt 0.445599 0.562517
vt 0.437498 0.513376
vt 0.371866 0.544398
vt 0.206710 0.217292
vt 0.169534 0.202744
vt 0.164588 0.239587
vt 0.164588 0.239587
vt 0.203084 0.267029
vt 0.206710 0.217292
vt 0.203084 0.267029
vt 0.201686 0.281329
vt 0.254498 0.342030
vt 0.254498 0.342030
vt 0.257980 0.308127
vt 0.203084 0.267029
vt 0.445599 0.562517
vt 0.394715 0.608354
vt 0.401242 0.641758
vt 0.401242 0.641758
vt 0.448282 0.576614
vt 0.445599 0.562517
vt 0.437498 0.513376
vt 0.445599 0.562517
vt 0.481408 0.531745
vt 0.481408 0.531745
vt 0.473160 0.495548
vt 0.437498 0.513376
vt 0.169534 0.202744
vt 0.206710 0.217292
vt 0.207668 0.181402
vt 0.473160 0.495548
vt 0.433304 0.477765
vt 0.437498 0.513376
vt 0.545676 0.892266
vt 0.522147 0.868578
vt 0.527575 0.894772
vt 0.378622 0.869666
vt 0.359912 0.883072
vt 0.384209 0.935747
vt 0.545676 0.892266
vt 0.527575 0.894772
vt 0.523468 0.939313
vt 0.516306 0.975839
vt 0.523468 0.939313
vt 0.509498 0.956920
vt 0.359912 0.883072
vt 0.345852 0.884076
vt 0.377815 0.957489
vt 0.392645 0.879346
vt 0.378622 0.869666
vt 0.386601 0.925255
vt 0.554287 0.905178
vt 0.545676 0.892266
vt 0.523468 0.939313
vt 0.565198 0.906755
vt 0.554287 0.905178
vt 0.523468 0.939313
vt 0.412233 0.954879
vt 0.384209 0.935747
vt 0.393127 0.956394
vt 0.403998 0.972397
vt 0.393127 0.956394
vt 0.379146 0.972643
vt 0.516306 0.975839
vt 0.509498 0.956920
vt 0.500701 0.971152
vt 0.509498 0.956920
vt 0.523468 0.939313
vt 0.480938 0.964322
vt 0.523468 0.939313
vt 0.506053 0.936570
vt 0.480938 0.964322
vt 0.396386 0.923506
vt 0.386601 0.925255
vt 0.412233 0.954879
vt 0.118938 0.847228
vt 0.102837 0.851103
vt 0.111895 0.894077
vt 0.176439 0.880677
vt 0.180373 0.941965
vt 0.187504 0.881776
vt 0.079496 0.856046
vt 0.070595 0.857711
vt 0.083246 0.908124
vt 0.209949 0.887043
vt 0.202317 0.885030
vt 0.189538 0.936746
vt 0.202317 0.885030
vt 0.190919 0.882338
vt 0.189538 0.936746
vt 0.102837 0.851103
vt 0.075272 0.816498
vt 0.084597 0.854447
vt 0.211166 0.967580
vt 0.189538 0.936746
vt 0.182562 0.966233
vt 0.128038 0.933633
vt 0.108497 0.934400
vt 0.110974 0.966068
vt 0.189538 0.936746
vt 0.180373 0.941965
vt 0.182562 0.966233
vt 0.122985 0.906858
vt 0.105273 0.908015
vt 0.108497 0.934400
vt 0.096120 0.905935
vt 0.083246 0.908124
vt 0.068696 0.939100
vt 0.207766 0.940867
vt 0.189538 0.936746
vt 0.211166 0.967580
vt 0.105273 0.908015
vt 0.096120 0.905935
vt 0.079365 0.936804
vt 0.567515 0.887850
vt 0.572909 0.846202
vt 0.559314 0.888578
vt 0.403290 0.855388
vt 0.445649 0.779831
vt 0.378622 0.869666
vt 0.360811 0.869187
vt 0.361770 0.822499
vt 0.350633 0.866996
vt 0.392645 0.879346
vt 0.403290 0.855388
vt 0.378622 0.869666
vt 0.545676 0.892266
vt 0.528355 0.814857
vt 0.522147 0.868578
vt 0.386601 0.925255
vt 0.378622 0.869666
vt 0.384209 0.935747
vt 0.523468 0.939313
vt 0.527575 0.894772
vt 0.506053 0.936570
vt 0.384209 0.935747
vt 0.359912 0.883072
vt 0.377815 0.957489
vt 0.396386 0.923506
vt 0.392645 0.879346
vt 0.386601 0.925255
vt 0.516306 0.975839
vt 0.565198 0.906755
vt 0.523468 0.939313
vt 0.393127 0.956394
vt 0.384209 0.935747
vt 0.377815 0.957489
vt 0.397097 0.980238
vt 0.403998 0.972397
vt 0.379146 0.972643
vt 0.377815 0.957489
vt 0.379146 0.972643
vt 0.393127 0.956394
vt 0.500701 0.971152
vt 0.509498 0.956920
vt 0.480938 0.964322
vt 0.412233 0.954879
vt 0.386601 0.925255
vt 0.384209 0.935747
vt 0.420500 0.948451
vt 0.396386 0.923506
vt 0.412233 0.954879
vt 0.118938 0.847228
vt 0.105387 0.795829
vt 0.102837 0.851103
vt 0.111895 0.894077
vt 0.102837 0.851103
vt 0.105273 0.908015
vt 0.190919 0.882338
vt 0.191077 0.840520
vt 0.187504 0.881776
vt 0.084597 0.854447
vt 0.075272 0.816498
vt 0.079496 0.856046
vt 0.218527 0.889354
vt 0.230398 0.843311
vt 0.209949 0.887043
vt 0.122985 0.906858
vt 0.118938 0.847228
vt 0.111895 0.894077
vt 0.105273 0.908015
vt 0.102837 0.851103
vt 0.096120 0.905935
vt 0.108497 0.934400
vt 0.105273 0.908015
vt 0.079365 0.936804
vt 0.122985 0.906858
vt 0.111895 0.894077
vt 0.105273 0.908015
vt 0.128594 0.966479
vt 0.128038 0.933633
vt 0.118420 0.975447
vt 0.118420 0.975447
vt 0.128038 0.933633
vt 0.110974 0.966068
vt 0.128038 0.933633
vt 0.122985 0.906858
vt 0.108497 0.934400
vt 0.079365 0.936804
vt 0.096120 0.905935
vt 0.068696 0.939100
vt 0.223029 0.969207
vt 0.207766 0.940867
vt 0.211166 0.967580
vt 0.746839 0.890722
vt 0.764940 0.893228
vt 0.770368 0.867034
vt 0.901818 0.865057
vt 0.890184 0.930344
vt 0.919217 0.880124
vt 0.746839 0.890722
vt 0.769046 0.937768
vt 0.764940 0.893228
vt 0.776209 0.974294
vt 0.783016 0.955376
vt 0.769046 0.937768
vt 0.919217 0.880124
vt 0.894554 0.952581
vt 0.933125 0.882416
vt 0.886964 0.873408
vt 0.888766 0.919677
vt 0.901818 0.865057
vt 0.738228 0.903634
vt 0.769046 0.937768
vt 0.746839 0.890722
vt 0.727317 0.905210
vt 0.769046 0.937768
vt 0.738228 0.903634
vt 0.860521 0.946821
vt 0.879408 0.950085
vt 0.890184 0.930344
vt 0.867113 0.965021
vt 0.891837 0.967549
vt 0.879408 0.950085
vt 0.776209 0.974294
vt 0.791813 0.969608
vt 0.783016 0.955376
vt 0.783016 0.955376
vt 0.811577 0.962778
vt 0.769046 0.937768
vt 0.769046 0.937768
vt 0.811577 0.962778
vt 0.786461 0.935026
vt 0.879184 0.917036
vt 0.860521 0.946821
vt 0.888766 0.919677
vt 0.739600 0.541486
vt 0.757952 0.585162
vt 0.756159 0.541280
vt 0.920795 0.567249
vt 0.925615 0.627667
vt 0.931893 0.566575
vt 0.779998 0.540329
vt 0.789176 0.591729
vt 0.789036 0.539753
vt 0.898164 0.571653
vt 0.916656 0.622101
vt 0.905867 0.569934
vt 0.905867 0.569934
vt 0.916656 0.622101
vt 0.917360 0.567680
vt 0.756159 0.541280
vt 0.776159 0.592775
vt 0.774662 0.540034
vt 0.893863 0.652084
vt 0.922498 0.651833
vt 0.916656 0.622101
vt 0.752037 0.627474
vt 0.776556 0.654713
vt 0.771166 0.623410
vt 0.916656 0.622101
vt 0.922498 0.651833
vt 0.925615 0.627667
vt 0.750347 0.600278
vt 0.771166 0.623410
vt 0.767799 0.597043
vt 0.776159 0.592775
vt 0.810900 0.618173
vt 0.789176 0.591729
vt 0.898284 0.625521
vt 0.893863 0.652084
vt 0.916656 0.622101
vt 0.767799 0.597043
vt 0.799994 0.618573
vt 0.776159 0.592775
vt 0.725000 0.886306
vt 0.733201 0.887033
vt 0.719606 0.844658
vt 0.878565 0.848573
vt 0.901818 0.865057
vt 0.843325 0.769444
vt 0.919597 0.866215
vt 0.929933 0.864968
vt 0.922931 0.819636
vt 0.886964 0.873408
vt 0.901818 0.865057
vt 0.878565 0.848573
vt 0.746839 0.890722
vt 0.770368 0.867034
vt 0.764161 0.813313
vt 0.888766 0.919677
vt 0.890184 0.930344
vt 0.901818 0.865057
vt 0.769046 0.937768
vt 0.786461 0.935026
vt 0.764940 0.893228
vt 0.890184 0.930344
vt 0.894554 0.952581
vt 0.919217 0.880124
vt 0.879184 0.917036
vt 0.888766 0.919677
vt 0.886964 0.873408
vt 0.776209 0.974294
vt 0.769046 0.937768
vt 0.727317 0.905210
vt 0.879408 0.950085
vt 0.894554 0.952581
vt 0.890184 0.930344
vt 0.873264 0.973463
vt 0.891837 0.967549
vt 0.867113 0.965021
vt 0.894554 0.952581
vt 0.879408 0.950085
vt 0.891837 0.967549
vt 0.791813 0.969608
vt 0.811577 0.962778
vt 0.783016 0.955376
vt 0.860521 0.946821
vt 0.890184 0.930344
vt 0.888766 0.919677
vt 0.852880 0.939661
vt 0.860521 0.946821
vt 0.879184 0.917036
vt 0.739600 0.541486
vt 0.756159 0.541280
vt 0.740089 0.488332
vt 0.757952 0.585162
vt 0.767799 0.597043
vt 0.756159 0.541280
vt 0.917360 0.567680
vt 0.920795 0.567249
vt 0.918805 0.525886
vt 0.774662 0.540034
vt 0.779998 0.540329
vt 0.774364 0.500957
vt 0.889504 0.573633
vt 0.898164 0.571653
vt 0.879406 0.527169
vt 0.750347 0.600278
vt 0.757952 0.585162
vt 0.739600 0.541486
vt 0.767799 0.597043
vt 0.776159 0.592775
vt 0.756159 0.541280
vt 0.771166 0.623410
vt 0.799994 0.618573
vt 0.767799 0.597043
vt 0.750347 0.600278
vt 0.767799 0.597043
vt 0.757952 0.585162
vt 0.759579 0.659447
vt 0.771646 0.665636
vt 0.752037 0.627474
vt 0.771646 0.665636
vt 0.776556 0.654713
vt 0.752037 0.627474
vt 0.752037 0.627474
vt 0.771166 0.623410
vt 0.750347 0.600278
vt 0.799994 0.618573
vt 0.810900 0.618173
vt 0.776159 0.592775
vt 0.881947 0.653255
vt 0.893863 0.652084
vt 0.898284 0.625521
vt 0.079496 0.856046
vt 0.083246 0.908124
vt 0.096120 0.905935
vt 0.096120 0.905935
vt 0.084597 0.854447
vt 0.079496 0.856046
vt 0.920795 0.567249
vt 0.917360 0.567680
vt 0.916656 0.622101
vt 0.916656 0.622101
vt 0.925615 0.627667
vt 0.920795 0.567249
vt 0.898164 0.571653
vt 0.889504 0.573633
vt 0.898284 0.625521
vt 0.898284 0.625521
vt 0.916656 0.622101
vt 0.898164 0.571653
vt 0.070595 0.857711
vt 0.079496 0.856046
vt 0.075272 0.816498
vt 0.075272 0.816498
vt 0.057058 0.812209
vt 0.070595 0.857711
vt 0.209949 0.887043
vt 0.189538 0.936746
vt 0.207766 0.940867
vt 0.207766 0.940867
vt 0.218527 0.889354
vt 0.209949 0.887043
vt 0.187504 0.881776
vt 0.180373 0.941965
vt 0.189538 0.936746
vt 0.189538 0.936746
vt 0.190919 0.882338
vt 0.187504 0.881776
vt 0.905867 0.569934
vt 0.893670 0.520500
vt 0.879406 0.527169
vt 0.879406 0.527169
vt 0.898164 0.571653
vt 0.905867 0.569934
vt 0.917360 0.567680
vt 0.918805 0.525886
vt 0.893670 0.520500
vt 0.893670 0.520500
vt 0.905867 0.569934
vt 0.917360 0.567680
vt 0.202317 0.885030
vt 0.209949 0.887043
vt 0.230398 0.843311
vt 0.230398 0.843311
vt 0.216399 0.836100
vt 0.202317 0.885030
vt 0.190919 0.882338
vt 0.202317 0.885030
vt 0.216399 0.836100
vt 0.216399 0.836100
vt 0.191077 0.840520
vt 0.190919 0.882338
vt 0.789036 0.539753
vt 0.790962 0.492319
vt 0.774364 0.500957
vt 0.774364 0.500957
vt 0.779998 0.540329
vt 0.789036 0.539753
vt 0.779998 0.540329
vt 0.774662 0.540034
vt 0.776159 0.592775
vt 0.776159 0.592775
vt 0.789176 0.591729
vt 0.779998 0.540329
vt 0.096120 0.905935
vt 0.102837 0.851103
vt 0.084597 0.854447
vt 0.191077 0.840520
vt 0.176439 0.880677
vt 0.187504 0.881776
vt 0.918805 0.525886
vt 0.920795 0.567249
vt 0.931893 0.566575
vt 0.774364 0.500957
vt 0.756159 0.541280
vt 0.774662 0.540034
vt 0.929933 0.864968
vt 0.919597 0.866215
vt 0.919217 0.880124
vt 0.919217 0.880124
vt 0.933125 0.882416
vt 0.929933 0.864968
vt 0.350633 0.866996
vt 0.345852 0.884076
vt 0.359912 0.883072
vt 0.359912 0.883072
vt 0.360811 0.869187
vt 0.350633 0.866996
vt 0.559314 0.888578
vt 0.554287 0.905178
vt 0.565198 0.906755
vt 0.565198 0.906755
vt 0.567515 0.887850
vt 0.559314 0.888578
vt 0.733201 0.887033
vt 0.725000 0.886306
vt 0.727317 0.905210
vt 0.727317 0.905210
vt 0.738228 0.903634
vt 0.733201 0.887033
vt 0.737550 0.887462
vt 0.746839 0.890722
vt 0.734244 0.839568
vt 0.738228 0.903634
vt 0.746839 0.890722
vt 0.737550 0.887462
vt 0.554965 0.889007
vt 0.558271 0.841113
vt 0.545676 0.892266
vt 0.554287 0.905178
vt 0.554965 0.889007
vt 0.545676 0.892266
vt 0.037090 0.241198
vt 0.030655 0.234321
vt 0.029251 0.248298
vt 0.608360 0.521829
vt 0.616797 0.528183
vt 0.614138 0.514409
vt 0.181819 0.000000
vt 0.227273 0.078731
vt 0.136365 0.078731
vt 0.272728 0.157461
vt 0.318182 0.078731
vt 0.363637 0.157461
vt 0.909091 0.000000
vt 0.954545 0.078731
vt 0.863636 0.078731
vt 0.727273 0.000000
vt 0.772727 0.078731
vt 0.681818 0.078731
vt 0.545455 0.000000
vt 0.590909 0.078731
vt 0.500000 0.078731
vt 0.272728 0.157461
vt 0.363637 0.157461
vt 0.318182 0.236191
vt 0.090910 0.157461
vt 0.181819 0.157461
vt 0.136365 0.236191
vt 0.818182 0.157461
vt 0.909091 0.157461
vt 0.863636 0.236191
vt 0.636364 0.157461
vt 0.727273 0.157461
vt 0.681818 0.236191
vt 0.454546 0.157461
vt 0.545455 0.157461
vt 0.500000 0.236191
vt 0.272728 0.157461
vt 0.318182 0.236191
vt 0.227273 0.236191
vt 0.090910 0.157461
vt 0.136365 0.236191
vt 0.045455 0.236191
vt 0.818182 0.157461
vt 0.863636 0.236191
vt 0.772727 0.236191
vt 0.636364 0.157461
vt 0.681818 0.236191
vt 0.590909 0.236191
vt 0.454546 0.157461
vt 0.500000 0.236191
vt 0.409092 0.236191
vt 0.181819 0.314921
vt 0.272728 0.314921
vt 0.227273 0.393651
vt 0.000000 0.314921
vt 0.090910 0.314921
vt 0.045455 0.393651
vt 0.727273 0.314921
vt 0.818182 0.314921
vt 0.772727 0.393651
vt 0.545455 0.314921
vt 0.636364 0.314921
vt 0.590909 0.393651
vt 0.363637 0.314921
vt 0.454546 0.314921
vt 0.409092 0.393651
vt 0.409092 0.393651
vt 0.500000 0.393651
vt 0.454546 0.472382
vt 0.409092 0.393651
vt 0.454546 0.314921
vt 0.500000 0.393651
vt 0.454546 0.314921
vt 0.545455 0.314921
vt 0.500000 0.393651
vt 0.590909 0.393651
vt 0.681818 0.393651
vt 0.636364 0.472382
vt 0.590909 0.393651
vt 0.636364 0.314921
vt 0.681818 0.393651
vt 0.636364 0.314921
vt 0.727273 0.314921
vt 0.681818 0.393651
vt 0.772727 0.393651
vt 0.863636 0.393651
vt 0.818182 0.472382
vt 0.772727 0.393651
vt 0.818182 0.314921
vt 0.863636 0.393651
vt 0.818182 0.314921
vt 0.909091 0.314921
vt 0.863636 0.393651
vt 0.045455 0.393651
vt 0.136365 0.393651
vt 0.090910 0.472382
vt 0.045455 0.393651
vt 0.090910 0.314921
vt 0.136365 0.393651
vt 0.090910 0.314921
vt 0.181819 0.314921
vt 0.136365 0.393651
vt 0.227273 0.393651
vt 0.318182 0.393651
vt 0.272728 0.472382
vt 0.227273 0.393651
vt 0.272728 0.314921
vt 0.318182 0.393651
vt 0.272728 0.314921
vt 0.363637 0.314921
vt 0.318182 0.393651
vt 0.409092 0.236191
vt 0.454546 0.314921
vt 0.363637 0.314921
vt 0.409092 0.236191
vt 0.500000 0.236191
vt 0.454546 0.314921
vt 0.500000 0.236191
vt 0.545455 0.314921
vt 0.454546 0.314921
vt 0.590909 0.236191
vt 0.636364 0.314921
vt 0.545455 0.314921
vt 0.590909 0.236191
vt 0.681818 0.236191
vt 0.636364 0.314921
vt 0.681818 0.236191
vt 0.727273 0.314921
vt 0.636364 0.314921
vt 0.772727 0.236191
vt 0.818182 0.314921
vt 0.727273 0.314921
vt 0.772727 0.236191
vt 0.863636 0.236191
vt 0.818182 0.314921
vt 0.863636 0.236191
vt 0.909091 0.314921
vt 0.818182 0.314921
vt 0.045455 0.236191
vt 0.090910 0.314921
vt 0.000000 0.314921
vt 0.045455 0.236191
vt 0.136365 0.236191
vt 0.090910 0.314921
vt 0.136365 0.236191
vt 0.181819 0.314921
vt 0.090910 0.314921
vt 0.227273 0.236191
vt 0.272728 0.314921
vt 0.181819 0.314921
vt 0.227273 0.236191
vt 0.318182 0.236191
vt 0.272728 0.314921
vt 0.318182 0.236191
vt 0.363637 0.314921
vt 0.272728 0.314921
vt 0.500000 0.236191
vt 0.590909 0.236191
vt 0.545455 0.314921
vt 0.500000 0.236191
vt 0.545455 0.157461
vt 0.590909 0.236191
vt 0.545455 0.157461
vt 0.636364 0.157461
vt 0.590909 0.236191
vt 0.681818 0.236191
vt 0.772727 0.236191
vt 0.727273 0.314921
vt 0.681818 0.236191
vt 0.727273 0.157461
vt 0.772727 0.236191
vt 0.727273 0.157461
vt 0.818182 0.157461
vt 0.772727 0.236191
vt 0.863636 0.236191
vt 0.954545 0.236191
vt 0.909091 0.314921
vt 0.863636 0.236191
vt 0.909091 0.157461
vt 0.954545 0.236191
vt 0.909091 0.157461
vt 1.000000 0.157461
vt 0.954545 0.236191
vt 0.136365 0.236191
vt 0.227273 0.236191
vt 0.181819 0.314921
vt 0.136365 0.236191
vt 0.181819 0.157461
vt 0.227273 0.236191
vt 0.181819 0.157461
vt 0.272728 0.157461
vt 0.227273 0.236191
vt 0.318182 0.236191
vt 0.409092 0.236191
vt 0.363637 0.314921
vt 0.318182 0.236191
vt 0.363637 0.157461
vt 0.409092 0.236191
vt 0.363637 0.157461
vt 0.454546 0.157461
vt 0.409092 0.236191
vt 0.500000 0.078731
vt 0.545455 0.157461
vt 0.454546 0.157461
vt 0.500000 0.078731
vt 0.590909 0.078731
vt 0.545455 0.157461
vt 0.590909 0.078731
vt 0.636364 0.157461
vt 0.545455 0.157461
vt 0.681818 0.078731
vt 0.727273 0.157461
vt 0.636364 0.157461
vt 0.681818 0.078731
vt 0.772727 0.078731
vt 0.727273 0.157461
vt 0.772727 0.078731
vt 0.818182 0.157461
vt 0.727273 0.157461
vt 0.863636 0.078731
vt 0.909091 0.157461
vt 0.818182 0.157461
vt 0.863636 0.078731
vt 0.954545 0.078731
vt 0.909091 0.157461
vt 0.954545 0.078731
vt 1.000000 0.157461
vt 0.909091 0.157461
vt 0.363637 0.157461
vt 0.409092 0.078731
vt 0.454546 0.157461
vt 0.363637 0.157461
vt 0.318182 0.078731
vt 0.409092 0.078731
vt 0.318182 0.078731
vt 0.363637 0.000000
vt 0.409092 0.078731
vt 0.136365 0.078731
vt 0.181819 0.157461
vt 0.090910 0.157461
vt 0.136365 0.078731
vt 0.227273 0.078731
vt 0.181819 0.157461
vt 0.227273 0.078731
vt 0.272728 0.157461
vt 0.181819 0.157461
f 1/1 2/2 3/3
f 4/4 5/5 6/6
f 7/7 8/8 9/9
f 10/10 11/11 12/12
f 13/13 14/14 15/15
f 16/16 17/17 18/18
f 19/19 20/20 21/21
f 22/22 23/23 24/24
f 25/25 26/26 27/27
f 28/28 29/29 30/30
f 31/31 32/32 33/33
f 34/34 35/35 36/36
f 37/37 38/38 39/39
f 40/40 41/41 42/42
f 43/43 44/44 45/45
f 46/46 47/47 48/48
f 49/49 50/50 51/51
f 52/52 53/53 54/54
f 55/55 56/56 57/57
f 58/58 59/59 60/60
f 61/61 62/62 63/63
f 64/64 65/65 66/66
f 67/67 68/68 69/69
f 70/70 71/71 72/72
f 73/73 74/74 75/75
f 76/76 77/77 78/78
f 79/79 80/80 81/81
f 82/82 83/83 84/84
f 85/85 86/86 87/87
f 88/88 89/89 90/90
f 91/91 92/92 93/93
f 94/94 95/95 96/96
f 97/97 98/98 99/99
f 100/100 101/101 102/102
f 103/103 104/104 105/105
f 106/106 107/107 108/108
f 109/109 110/110 111/111
f 112/112 113/113 114/114
f 115/115 116/116 117/117
f 118/118 119/119 120/120
f 121/121 122/122 123/123
f 124/124 125/125 126/126
f 127/127 128/128 129/129
f 130/130 131/131 132/132
f 133/133 134/134 135/135
f 136/136 137/137 138/138
f 139/139 140/140 141/141
f 142/142 143/143 144/144
f 145/145 146/146 147/147
f 148/148 149/149 150/150
f 151/151 152/152 153/153
f 154/154 155/155 156/156
f 157/157 158/158 159/159
f 160/160 161/161 162/162
f 163/163 164/164 165/165
f 166/166 167/167 168/168
f 169/169 170/170 171/171
f 172/172 173/173 174/174
f 175/175 176/176 177/177
f 178/178 179/179 180/180
f 181/181 182/182 183/183
f 184/184 185/185 186/186
f 187/187 188/188 189/189
f 190/190 191/191 192/192
f 193/193 194/194 195/195
f 196/196 197/197 198/198
f 199/199 200/200 201/201
f 202/202 203/203 204/204
f 205/205 206/206 207/207
f 208/208 209/209 210/210
f 211/211 212/212 213/213
f 214/214 215/215 216/216
f 217/217 218/218 219/219
f 220/220 221/221 222/222
f 223/223 224/224 225/225
f 226/226 227/227 228/228
f 229/229 230/230 231/231
f 232/232 233/233 234/234
f 235/235 236/236 237/237
f 238/238 239/239 240/240
f 241/241 242/242 243/243
f 244/244 245/245 246/246
f 247/247 248/248 249/249
f 250/250 251/251 252/252
f 253/253 254/254 255/255
f 256/256 257/257 258/258
f 259/259 260/260 261/261
f 262/262 263/263 264/264
f 265/265 266/266 267/267
f 268/268 269/269 270/270
f 271/271 272/272 273/273
f 274/274 275/275 276/276
f 277/277 278/278 279/279
f 280/280 281/281 282/282
f 283/283 284/284 285/285
f 286/286 287/287 288/288
f 289/289 290/290 291/291
f 292/292 293/293 294/294
f 295/295 296/296 297/297
f 298/298 299/299 300/300
f 301/301 302/302 303/303
f 304/304 305/305 306/306
f 307/307 308/308 309/309
f 310/310 311/311 312/312
f 313/313 314/314 315/315
f 316/316 317/317 318/318
f 319/319 320/320 321/321
f 322/322 323/323 324/324
f 325/325 326/326 327/327
f 328/328 329/329 330/330
f 331/331 332/332 333/333
f 334/334 335/335 336/336
f 337/337 338/338 339/339
f 340/340 341/341 342/342
f 343/343 344/344 345/345
f 346/346 347/347 348/348
f 349/349 350/350 351/351
f 352/352 353/353 354/354
f 355/355 356/356 357/357
f 358/358 359/359 360/360
f 361/361 362/362 363/363
f 364/364 365/365 366/366
f 367/367 368/368 369/369
f 370/370 371/371 372/372
f 373/373 374/374 375/375
f 376/376 377/377 378/378
f 379/379 380/380 381/381
f 382/382 383/383 384/384
f 385/385 386/386 387/387
f 388/388 389/389 390/390
f 391/391 392/392 393/393
f 394/394 395/395 396/396
f 397/397 398/398 399/399
f 400/400 401/401 402/402
f 403/403 404/404 405/405
f 406/406 407/407 408/408
f 409/409 410/410 411/411
f 412/412 413/413 414/414
f 415/415 416/416 417/417
f 418/418 419/419 420/420
f 421/421 422/422 423/423
f 424/424 425/425 426/426
f 427/427 428/428 429/429
f 430/430 431/431 432/432
f 433/433 434/434 435/435
f 436/436 437/437 438/438
f 439/439 440/440 441/441
f 442/442 443/443 444/444
f 445/445 446/446 447/447
f 448/448 449/449 450/450
f 451/451 452/452 453/453
f 454/454 455/455 456/456
f 457/457 458/458 459/459
f 460/460 461/461 462/462
f 463/463 464/464 465/465
f 466/466 467/467 468/468
f 469/469 470/470 471/471
f 472/472 473/473 474/474
f 475/475 476/476 477/477
f 478/478 479/479 480/480
f 481/481 482/482 483/483
f 484/484 485/485 486/486
f 487/487 488/488 489/489
f 490/490 491/491 492/492
f 493/493 494/494 495/495
f 496/496 497/497 498/498
f 499/499 500/500 501/501
f 502/502 503/503 504/504
f 505/505 506/506 507/507
f 508/508 509/509 510/510
f 511/511 512/512 513/513
f 514/514 515/515 516/516
f 517/517 518/518 519/519
f 520/520 521/521 522/522
f 523/523 524/524 525/525
f 526/526 527/527 528/528
f 529/529 530/530 531/531
f 532/532 533/533 534/534
f 535/535 536/536 537/537
f 538/538 539/539 540/540
f 541/541 542/542 543/543
f 544/544 545/545 546/546
f 547/547 548/548 549/549
f 550/550 551/551 552/552
f 553/553 554/554 555/555
f 556/556 557/557 558/558
f 559/559 560/560 561/561
f 562/562 563/563 564/564
f 565/565 566/566 567/567
f 568/568 569/569 570/570
f 571/571 572/572 573/573
f 574/574 575/575 576/576
f 577/577 578/578 579/579
f 580/580 581/581 582/582
f 583/583 584/584 585/585
f 586/586 587/587 588/588
f 589/589 590/590 591/591
f 592/592 593/593 594/594
f 595/595 596/596 597/597
f 598/598 599/599 600/600
f 601/601 602/602 603/603
f 604/604 605/605 606/606
f 607/607 608/608 609/609
f 610/610 611/611 612/612
f 613/613 614/614 615/615
f 616/616 617/617 618/618
f 619/619 620/620 621/621
f 622/622 623/623 624/624
f 625/625 626/626 627/627
f 628/628 629/629 630/630
f 631/631 632/632 633/633
f 634/634 635/635 636/636
f 637/637 638/638 639/639
f 640/640 641/641 642/642
f 643/643 644/644 645/645
f 646/646 647/647 648/648
f 649/649 650/650 651/651
f 652/652 653/653 654/654
f 655/655 656/656 657/657
f 658/658 659/659 660/660
f 661/661 662/662 663/663
f 664/664 665/665 666/666
f 667/667 668/668 669/669
f 670/670 671/671 672/672
f 673/673 674/674 675/675
f 676/676 677/677 678/678
f 679/679 680/680 681/681
f 682/682 683/683 684/684
f 685/685 686/686 687/687
f 688/688 689/689 690/690
f 691/691 692/692 693/693
f 694/694 695/695 696/696
f 697/697 698/698 699/699
f 700/700 701/701 702/702
f 703/703 704/704 705/705
f 706/706 707/707 708/708
f 709/709 710/710 711/711
f 712/712 713/713 714/714
f 715/715 716/716 717/717
f 718/718 719/719 720/720
f 721/721 722/722 723/723
f 724/724 725/725 726/726
f 727/727 728/728 729/729
f 730/730 731/731 732/732
f 733/733 734/734 735/735
f 736/736 737/737 738/738
f 739/739 740/740 741/741
f 742/742 743/743 744/744
f 745/745 746/746 747/747
f 748/748 749/749 750/750
f 751/751 752/752 753/753
f 754/754 755/755 756/756
f 757/757 758/758 759/759
f 760/760 761/761 762/762
f 763/763 764/764 765/765
f 766/766 767/767 768/768
f 769/769 770/770 771/771
f 772/772 773/773 774/774
f 775/775 776/776 777/777
f 778/778 779/779 780/780
f 781/781 782/782 783/783
f 784/784 785/785 786/786
f 787/787 788/788 789/789
f 790/790 791/791 792/792
f 793/793 794/794 795/795
f 796/796 797/797 798/798
f 799/799 800/800 801/801
f 802/802 803/803 804/804
f 805/805 806/806 807/807
f 808/808 809/809 810/810
f 811/811 812/812 813/813
f 814/814 815/815 816/816
f 817/817 818/818 819/819
f 820/820 821/821 822/822
f 823/823 824/824 825/825
f 826/826 827/827 828/828
f 829/829 830/830 831/831
f 832/832 833/833 834/834
f 835/835 836/836 837/837
f 838/838 839/839 840/840
f 841/841 842/842 843/843
f 844/844 845/845 846/846
f 847/847 848/848 849/849
f 850/850 851/851 852/852
f 853/853 854/854 855/855
f 856/856 857/857 858/858
f 859/859 860/860 861/861
f 862/862 863/863 864/864
f 865/865 866/866 867/867
f 868/868 869/869 870/870
f 871/871 872/872 873/873
f 874/874 875/875 876/876
f 877/877 878/878 879/879
f 880/880 881/881 882/882
f 883/883 884/884 885/885
f 886/886 887/887 888/888
f 889/889 890/890 891/891
f 892/892 893/893 894/894
f 895/895 896/896 897/897
f 898/898 899/899 900/900
f 901/901 902/902 903/903
f 904/904 905/905 906/906
f 907/907 908/908 909/909
f 910/910 911/911 912/912
f 913/913 914/914 915/915
f 916/916 917/917 918/918
f 919/919 920/920 921/921
f 922/922 923/923 924/924
f 925/925 926/926 927/927
f 928/928 929/929 930/930
f 931/931 932/932 933/933
f 934/934 935/935 936/936
f 937/937 938/938 939/939
f 940/940 941/941 942/942
f 943/943 944/944 945/945
f 946/946 947/947 948/948
f 949/949 950/950 951/951
f 952/952 953/953 954/954
f 955/955 956/956 957/957
f 958/958 959/959 960/960
f 961/961 962/962 963/963
f 964/964 965/965 966/966
f 967/967 968/968 969/969
f 970/970 971/971 972/972
f 973/973 974/974 975/975
f 976/976 977/977 978/978
f 979/979 980/980 981/981
f 982/982 983/983 984/984
f 985/985 986/986 987/987
f 988/988 989/989 990/990
f 991/991 992/992 993/993
f 994/994 995/995 996/996
f 997/997 998/998 999/999
f 1000/1000 1001/1001 1002/1002
f 1003/1003 1004/1004 1005/1005
f 1006/1006 1007/1007 1008/1008
f 1009/1009 1010/1010 1011/1011
f 1012/1012 1013/1013 1014/1014
f 1015/1015 1016/1016 1017/1017
f 1018/1018 1019/1019 1020/1020
f 1021/1021 1022/1022 1023/1023
f 1024/1024 1025/1025 1026/1026
f 1027/1027 1028/1028 1029/1029
f 1030/1030 1031/1031 1032/1032
f 1033/1033 1034/1034 1035/1035
f 1036/1036 1037/1037 1038/1038
f 1039/1039 1040/1040 1041/1041
f 1042/1042 1043/1043 1044/1044
f 1045/1045 1046/1046 1047/1047
f 1048/1048 1049/1049 1050/1050
f 1051/1051 1052/1052 1053/1053
f 1054/1054 1055/1055 1056/1056
f 1057/1057 1058/1058 1059/1059
f 1060/1060 1061/1061 1062/1062
f 1063/1063 1064/1064 1065/1065
f 1066/1066 1067/1067 1068/1068
f 1069/1069 1070/1070 1071/1071
f 1072/1072 1073/1073 1074/1074
f 1075/1075 1076/1076 1077/1077
f 1078/1078 1079/1079 1080/1080
f 1081/1081 1082/1082 1083/1083
f 1084/1084 1085/1085 1086/1086
f 1087/1087 1088/1088 1089/1089
f 1090/1090 1091/1091 1092/1092
f 1093/1093 1094/1094 1095/1095
f 1096/1096 1097/1097 1098/1098
f 1099/1099 1100/1100 1101/1101
f 1102/1102 1103/1103 1104/1104
f 1105/1105 1106/1106 1107/1107
f 1108/1108 1109/1109 1110/1110
f 1111/1111 1112/1112 1113/1113
f 1114/1114 1115/1115 1116/1116
f 1117/1117 1118/1118 1119/1119
f 1120/1120 1121/1121 1122/1122
f 1123/1123 1124/1124 1125/1125
f 1126/1126 1127/1127 1128/1128
f 1129/1129 1130/1130 1131/1131
f 1132/1132 1133/1133 1134/1134
f 1135/1135 1136/1136 1137/1137
f 1138/1138 1139/1139 1140/1140
f 1141/1141 1142/1142 1143/1143
f 1144/1144 1145/1145 1146/1146
f 1147/1147 1148/1148 1149/1149
f 1150/1150 1151/1151 1152/1152
f 1153/1153 1154/1154 1155/1155
f 1156/1156 1157/1157 1158/1158
f 1159/1159 1160/1160 1161/1161
f 1162/1162 1163/1163 1164/1164
f 1165/1165 1166/1166 1167/1167
f 1168/1168 1169/1169 1170/1170
f 1171/1171 1172/1172 1173/1173
f 1174/1174 1175/1175 1176/1176
f 1177/1177 1178/1178 1179/1179
f 1180/1180 1181/1181 1182/1182
f 1183/1183 1184/1184 1185/1185
f 1186/1186 1187/1187 1188/1188
f 1189/1189 1190/1190 1191/1191
f 1192/1192 1193/1193 1194/1194
f 1195/1195 1196/1196 1197/1197
f 1198/1198 1199/1199 1200/1200
f 1201/1201 1202/1202 1203/1203
f 1204/1204 1205/1205 1206/1206
f 1207/1207 1208/1208 1209/1209
f 1210/1210 1211/1211 1212/1212
f 1213/1213 1214/1214 1215/1215
f 1216/1216 1217/1217 1218/1218
f 1219/1219 1220/1220 1221/1221
f 1222/1222 1223/1223 1224/1224
f 1225/1225 1226/1226 1227/1227
f 1228/1228 1229/1229 1230/1230
f 1231/1231 1232/1232 1233/1233
f 1234/1234 1235/1235 1236/1236
f 1237/1237 1238/1238 1239/1239
f 1240/1240 1241/1241 1242/1242
f 1243/1243 1244/1244 1245/1245
f 1246/1246 1247/1247 1248/1248
f 1249/1249 1250/1250 1251/1251
f 1252/1252 1253/1253 1254/1254
f 1255/1255 1256/1256 1257/1257
f 1258/1258 1259/1259 1260/1260
f 1261/1261 1262/1262 1263/1263
f 1264/1264 1265/1265 1266/1266
f 1267/1267 1268/1268 1269/1269
f 1270/1270 1271/1271 1272/1272
f 1273/1273 1274/1274 1275/1275
f 1276/1276 1277/1277 1278/1278
f 1279/1279 1280/1280 1281/1281
f 1282/1282 1283/1283 1284/1284
f 1285/1285 1286/1286 1287/1287
f 1288/1288 1289/1289 1290/1290
f 1291/1291 1292/1292 1293/1293
f 1294/1294 1295/1295 1296/1296
f 1297/1297 1298/1298 1299/1299
f 1300/1300 1301/1301 1302/1302
f 1303/1303 1304/1304 1305/1305
f 1306/1306 1307/1307 1308/1308
f 1309/1309 1310/1310 1311/1311
f 1312/1312 1313/1313 1314/1314
f 1315/1315 1316/1316 1317/1317
f 1318/1318 1319/1319 1320/1320
f 1321/1321 1322/1322 1323/1323
f 1324/1324 1325/1325 1326/1326
f 1327/1327 1328/1328 1329/1329
f 1330/1330 1331/1331 1332/1332
f 1333/1333 1334/1334 1335/1335
f 1336/1336 1337/1337 1338/1338
f 1339/1339 1340/1340 1341/1341
f 1342/1342 1343/1343 1344/1344
f 1345/1345 1346/1346 1347/1347
f 1348/1348 1349/1349 1350/1350
f 1351/1351 1352/1352 1353/1353
f 1354/1354 1355/1355 1356/1356
f 1357/1357 1358/1358 1359/1359
f 1360/1360 1361/1361 1362/1362
f 1363/1363 1364/1364 1365/1365
f 1366/1366 1367/1367 1368/1368
f 1369/1369 1370/1370 1371/1371
f 1372/1372 1373/1373 1374/1374
f 1375/1375 1376/1376 1377/1377
f 1378/1378 1379/1379 1380/1380
f 1381/1381 1382/1382 1383/1383
f 1384/1384 1385/1385 1386/1386
f 1387/1387 1388/1388 1389/1389
f 1390/1390 1391/1391 1392/1392
f 1393/1393 1394/1394 1395/1395
f 1396/1396 1397/1397 1398/1398
f 1399/1399 1400/1400 1401/1401
f 1402/1402 1403/1403 1404/1404
f 1405/1405 1406/1406 1407/1407
f 1408/1408 1409/1409 1410/1410
f 1411/1411 1412/1412 1413/1413
f 1414/1414 1415/1415 1416/1416
f 1417/1417 1418/1418 1419/1419
f 1420/1420 1421/1421 1422/1422
f 1423/1423 1424/1424 1425/1425
f 1426/1426 1427/1427 1428/1428
f 1429/1429 1430/1430 1431/1431
f 1432/1432 1433/1433 1434/1434
f 1435/1435 1436/1436 1437/1437
f 1438/1438 1439/1439 1440/1440
f 1441/1441 1442/1442 1443/1443
f 1444/1444 1445/1445 1446/1446
f 1447/1447 1448/1448 1449/1449
f 1450/1450 1451/1451 1452/1452
f 1453/1453 1454/1454 1455/1455
f 1456/1456 1457/1457 1458/1458
f 1459/1459 1460/1460 1461/1461
f 1462/1462 1463/1463 1464/1464
f 1465/1465 1466/1466 1467/1467
f 1468/1468 1469/1469 1470/1470
f 1471/1471 1472/1472 1473/1473
f 1474/1474 1475/1475 1476/1476
f 1477/1477 1478/1478 1479/1479
f 1480/1480 1481/1481 1482/1482
f 1483/1483 1484/1484 1485/1485
f 1486/1486 1487/1487 1488/1488
f 1489/1489 1490/1490 1491/1491
f 1492/1492 1493/1493 1494/1494
f 1495/1495 1496/1496 1497/1497
f 1498/1498 1499/1499 1500/1500
f 1501/1501 1502/1502 1503/1503
f 1504/1504 1505/1505 1506/1506
f 1507/1507 1508/1508 1509/1509
f 1510/1510 1511/1511 1512/1512
f 1513/1513 1514/1514 1515/1515
f 1516/1516 1517/1517 1518/1518
f 1519/1519 1520/1520 1521/1521
f 1522/1522 1523/1523 1524/1524
f 1525/1525 1526/1526 1527/1527
f 1528/1528 1529/1529 1530/1530
f 1531/1531 1532/1532 1533/1533
f 1534/1534 1535/1535 1536/1536
f 1537/1537 1538/1538 1539/1539
f 1540/1540 1541/1541 1542/1542
f 1543/1543 1544/1544 1545/1545
f 1546/1546 1547/1547 1548/1548
f 1549/1549 1550/1550 1551/1551
f 1552/1552 1553/1553 1554/1554
f 1555/1555 1556/1556 1557/1557
f 1558/1558 1559/1559 1560/1560
f 1561/1561 1562/1562 1563/1563
f 1564/1564 1565/1565 1566/1566
f 1567/1567 1568/1568 1569/1569
f 1570/1570 1571/1571 1572/1572
f 1573/1573 1574/1574 1575/1575
f 1576/1576 1577/1577 1578/1578
f 1579/1579 1580/1580 1581/1581
f 1582/1582 1583/1583 1584/1584
f 1585/1585 1586/1586 1587/1587
f 1588/1588 1589/1589 1590/1590
f 1591/1591 1592/1592 1593/1593
f 1594/1594 1595/1595 1596/1596
f 1597/1597 1598/1598 1599/1599
f 1600/1600 1601/1601 1602/1602
f 1603/1603 1604/1604 1605/1605
f 1606/1606 1607/1607 1608/1608
f 1609/1609 1610/1610 1611/1611
f 1612/1612 1613/1613 1614/1614
f 1615/1615 1616/1616 1617/1617
f 1618/1618 1619/1619 1620/1620
f 1621/1621 1622/1622 1623/1623
f 1624/1624 1625/1625 1626/1626
f 1627/1627 1628/1628 1629/1629
f 1630/1630 1631/1631 1632/1632
f 1633/1633 1634/1634 1635/1635
f 1636/1636 1637/1637 1638/1638
f 1639/1639 1640/1640 1641/1641
f 1642/1642 1643/1643 1644/1644
f 1645/1645 1646/1646 1647/1647
f 1648/1648 1649/1649 1650/1650
f 1651/1651 1652/1652 1653/1653
f 1654/1654 1655/1655 1656/1656
f 1657/1657 1658/1658 1659/1659
f 1660/1660 1661/1661 1662/1662
f 1663/1663 1664/1664 1665/1665
f 1666/1666 1667/1667 1668/1668
f 1669/1669 1670/1670 1671/1671
f 1672/1672 1673/1673 1674/1674
f 1675/1675 1676/1676 1677/1677
f 1678/1678 1679/1679 1680/1680
f 1681/1681 1682/1682 1683/1683
f 1684/1684 1685/1685 1686/1686
f 1687/1687 1688/1688 1689/1689
f 1690/1690 1691/1691 1692/1692
f 1693/1693 1694/1694 1695/1695
f 1696/1696 1697/1697 1698/1698
f 1699/1699 1700/1700 1701/1701
f 1702/1702 1703/1703 1704/1704
f 1705/1705 1706/1706 1707/1707
f 1708/1708 1709/1709 1710/1710
f 1711/1711 1712/1712 1713/1713
f 1714/1714 1715/1715 1716/1716
f 1717/1717 1718/1718 1719/1719
f 1720/1720 1721/1721 1722/1722
f 1723/1723 1724/1724 1725/1725
f 1726/1726 1727/1727 1728/1728
f 1729/1729 1730/1730 1731/1731
f 1732/1732 1733/1733 1734/1734
f 1735/1735 1736/1736 1737/1737
f 1738/1738 1739/1739 1740/1740
f 1741/1741 1742/1742 1743/1743
f 1744/1744 1745/1745 1746/1746
f 1747/1747 1748/1748 1749/1749
f 1750/1750 1751/1751 1752/1752
f 1753/1753 1754/1754 1755/1755
f 1756/1756 1757/1757 1758/1758
f 1759/1759 1760/1760 1761/1761
f 1762/1762 1763/1763 1764/1764
f 1765/1765 1766/1766 1767/1767
f 1768/1768 1769/1769 1770/1770
f 1771/1771 1772/1772 1773/1773
f 1774/1774 1775/1775 1776/1776
f 1777/1777 1778/1778 1779/1779
f 1780/1780 1781/1781 1782/1782
f 1783/1783 1784/1784 1785/1785
f 1786/1786 1787/1787 1788/1788
f 1789/1789 1790/1790 1791/1791
f 1792/1792 1793/1793 1794/1794
f 1795/1795 1796/1796 1797/1797
f 1798/1798 1799/1799 1800/1800
f 1801/1801 1802/1802 1803/1803
f 1804/1804 1805/1805 1806/1806
f 1807/1807 1808/1808 1809/1809
f 1810/1810 1811/1811 1812/1812
f 1813/1813 1814/1814 1815/1815
f 1816/1816 1817/1817 1818/1818
f 1819/1819 1820/1820 1821/1821
f 1822/1822 1823/1823 1824/1824
f 1825/1825 1826/1826 1827/1827
f 1828/1828 1829/1829 1830/1830
f 1831/1831 1832/1832 1833/1833
f 1834/1834 1835/1835 1836/1836
f 1837/1837 1838/1838 1839/1839
f 1840/1840 1841/1841 1842/1842
f 1843/1843 1844/1844 1845/1845
f 1846/1846 1847/1847 1848/1848
f 1849/1849 1850/1850 1851/1851
f 1852/1852 1853/1853 1854/1854
f 1855/1855 1856/1856 1857/1857
f 1858/1858 1859/1859 1860/1860
f 1861/1861 1862/1862 1863/1863
f 1864/1864 1865/1865 1866/1866
f 1867/1867 1868/1868 1869/1869
f 1870/1870 1871/1871 1872/1872
f 1873/1873 1874/1874 1875/1875
f 1876/1876 1877/1877 1878/1878
f 1879/1879 1880/1880 1881/1881
f 1882/1882 1883/1883 1884/1884
f 1885/1885 1886/1886 1887/1887
f 1888/1888 1889/1889 1890/1890
f 1891/1891 1892/1892 1893/1893
f 1894/1894 1895/1895 1896/1896
f 1897/1897 1898/1898 1899/1899
f 1900/1900 1901/1901 1902/1902
f 1903/1903 1904/1904 1905/1905
f 1906/1906 1907/1907 1908/1908
f 1909/1909 1910/1910 1911/1911
f 1912/1912 1913/1913 1914/1914
f 1915/1915 1916/1916 1917/1917
f 1918/1918 1919/1919 1920/1920
f 1921/1921 1922/1922 1923/1923
f 1924/1924 1925/1925 1926/1926
f 1927/1927 1928/1928 1929/1929
f 1930/1930 1931/1931 1932/1932
f 1933/1933 1934/1934 1935/1935
f 1936/1936 1937/1937 1938/1938
f 1939/1939 1940/1940 1941/1941
f 1942/1942 1943/1943 1944/1944
f 1945/1945 1946/1946 1947/1947
f 1948/1948 1949/1949 1950/1950
f 1951/1951 1952/1952 1953/1953
f 1954/1954 1955/1955 1956/1956
f 1957/1957 1958/1958 1959/1959
f 1960/1960 1961/1961 1962/1962
f 1963/1963 1964/1964 1965/1965
f 1966/1966 1967/1967 1968/1968
